cluster	model	profile_type	orthogroup	signif_level	signif_fdr	coefficient	pval	species	locus_tag	Length	egg_Description	KO	KO_definition	deepsig_feature	deepsig_start	deepsig_end
cluster_27	speciation	speciation	OG0005278	Yes	No	0.95999137234676	0.0477294311647372	Amblyomma-americanum	Amblyomma-americanum_evm.model.contig-11455-1.4	156	NA	K23411;K24380;K03898;K23409;K13899	fetuin-B;cystatin-10;kininogen;alpha-2-HS-glycoprotein;cystatin-C	Signal peptide	1	19
cluster_27	speciation	speciation	OG0005278	Yes	No	0.95999137234676	0.0477294311647372	Amblyomma-sculptum	Amblyomma-sculptum_GEEX01004929.1.p1	153	NA	K23411;K23409;K03898;K24380;K13899	fetuin-B;alpha-2-HS-glycoprotein;kininogen;cystatin-10;cystatin-C	Signal peptide	1	21
cluster_27	speciation	speciation	OG0005278	Yes	No	0.95999137234676	0.0477294311647372	Dermacentor-andersoni	Dermacentor-andersoni_XP-050036967.2	299	NA	K23411;K23410;K13897;K03898;K13899	fetuin-B;histidine-rich glycoprotein;cystatin-SN;kininogen;cystatin-C	Chain	1	299
cluster_27	speciation	speciation	OG0005278	Yes	No	0.95999137234676	0.0477294311647372	Dermacentor-andersoni	Dermacentor-andersoni_XP-050036968.2	146	NA	K23411;K23409;K24380;K03898;K23410	fetuin-B;alpha-2-HS-glycoprotein;cystatin-10;kininogen;histidine-rich glycoprotein	Signal peptide	1	17
cluster_27	speciation	speciation	OG0005278	Yes	No	0.95999137234676	0.0477294311647372	Dermacentor-andersoni	Dermacentor-andersoni_XP-050036970.2	181	NA	K23409	alpha-2-HS-glycoprotein	Chain	1	181
cluster_27	speciation	speciation	OG0005278	Yes	No	0.95999137234676	0.0477294311647372	Dermacentor-andersoni	Dermacentor-andersoni_XP-050036971.1	146	NA	NA	NA	Signal peptide	1	17
cluster_27	speciation	speciation	OG0005278	Yes	No	0.95999137234676	0.0477294311647372	Dermacentor-andersoni	Dermacentor-andersoni_XP-050036973.1	146	NA	K03898;K23411;K24380;K13902;K13897	kininogen;fetuin-B;cystatin-10;cystatin-M;cystatin-SN	Signal peptide	1	17
cluster_27	speciation	speciation	OG0005278	Yes	No	0.95999137234676	0.0477294311647372	Dermacentor-andersoni	Dermacentor-andersoni_XP-050037744.2	176	NA	K03898	kininogen	Signal peptide	1	17
cluster_27	speciation	speciation	OG0005278	Yes	No	0.95999137234676	0.0477294311647372	Dermacentor-andersoni	Dermacentor-andersoni_XP-054927972.1	149	NA	NA	NA	Signal peptide	1	16
cluster_27	speciation	speciation	OG0005278	Yes	No	0.95999137234676	0.0477294311647372	Dermacentor-andersoni	Dermacentor-andersoni_XP-054927973.1	149	NA	K23409	alpha-2-HS-glycoprotein	Signal peptide	1	16
cluster_27	speciation	speciation	OG0005278	Yes	No	0.95999137234676	0.0477294311647372	Dermacentor-andersoni	Dermacentor-andersoni_XP-054927974.1	149	NA	K23411	fetuin-B	Signal peptide	1	21
cluster_27	speciation	speciation	OG0005278	Yes	No	0.95999137234676	0.0477294311647372	Dermacentor-silvarum	Dermacentor-silvarum_XP-037557684.1	151	NA	K24380;K13897;K03898;K13899;K23411	cystatin-10;cystatin-SN;kininogen;cystatin-C;fetuin-B	Signal peptide	1	17
cluster_27	speciation	speciation	OG0005278	Yes	No	0.95999137234676	0.0477294311647372	Dermacentor-silvarum	Dermacentor-silvarum_XP-037575737.1	145	NA	K23411;K23409;K03898;K23410;K24380	fetuin-B;alpha-2-HS-glycoprotein;kininogen;histidine-rich glycoprotein;cystatin-10	Signal peptide	1	17
cluster_27	speciation	speciation	OG0005278	Yes	No	0.95999137234676	0.0477294311647372	Dermacentor-silvarum	Dermacentor-silvarum_XP-037575998.1	149	NA	NA	NA	Signal peptide	1	16
cluster_27	speciation	speciation	OG0005278	Yes	No	0.95999137234676	0.0477294311647372	Dermacentor-silvarum	Dermacentor-silvarum_XP-037576002.2	150	NA	K23409	alpha-2-HS-glycoprotein	Signal peptide	1	16
cluster_27	speciation	speciation	OG0005278	Yes	No	0.95999137234676	0.0477294311647372	Dermacentor-silvarum	Dermacentor-silvarum_XP-037577225.2	147	NA	K23409;K23411;K03898;K23410;K24380	alpha-2-HS-glycoprotein;fetuin-B;kininogen;histidine-rich glycoprotein;cystatin-10	Signal peptide	1	18
cluster_27	speciation	speciation	OG0005278	Yes	No	0.95999137234676	0.0477294311647372	Dermacentor-silvarum	Dermacentor-silvarum_XP-037577226.1	158	NA	K23411;K13897;K03898;K24380	fetuin-B;cystatin-SN;kininogen;cystatin-10	Signal peptide	1	25
cluster_27	speciation	speciation	OG0005278	Yes	No	0.95999137234676	0.0477294311647372	Dermacentor-silvarum	Dermacentor-silvarum_XP-049526607.1	143	NA	K23411;K23409;K03898;K24380	fetuin-B;alpha-2-HS-glycoprotein;kininogen;cystatin-10	Signal peptide	1	19
cluster_27	speciation	speciation	OG0005278	Yes	No	0.95999137234676	0.0477294311647372	Dermacentor-silvarum	Dermacentor-silvarum_XP-049526850.1	151	NA	NA	NA	Signal peptide	1	16
cluster_27	speciation	speciation	OG0005278	Yes	No	0.95999137234676	0.0477294311647372	Dermacentor-silvarum	Dermacentor-silvarum_XP-049526852.1	150	NA	K23409	alpha-2-HS-glycoprotein	Signal peptide	1	16
cluster_27	speciation	speciation	OG0005278	Yes	No	0.95999137234676	0.0477294311647372	Dermacentor-variabilis	Dermacentor-variabilis_GGQS01008409.1.p1	176	NA	K23411;K23409;K03898;K23410;K13897	fetuin-B;alpha-2-HS-glycoprotein;kininogen;histidine-rich glycoprotein;cystatin-SN	Chain	1	176
cluster_27	speciation	speciation	OG0005278	Yes	No	0.95999137234676	0.0477294311647372	Dermacentor-variabilis	Dermacentor-variabilis_GGQS01012429.1.p1	128	NA	K23411;K24380;K23410;K21621;K03898	fetuin-B;cystatin-10;histidine-rich glycoprotein;tagatose kinase [EC:2.7.1.101];kininogen	Signal peptide	1	17
cluster_27	speciation	speciation	OG0005278	Yes	No	0.95999137234676	0.0477294311647372	Dermacentor-variabilis	Dermacentor-variabilis_GGQS01016348.1.p1	146	NA	K23411;K03898	fetuin-B;kininogen	Signal peptide	1	17
cluster_27	speciation	speciation	OG0005278	Yes	No	0.95999137234676	0.0477294311647372	Hyalomma-asiaticum	Hyalomma-asiaticum_KAH6927006.1	228	NA	K23411;K03898	fetuin-B;kininogen	Chain	1	228
cluster_27	speciation	speciation	OG0005278	Yes	No	0.95999137234676	0.0477294311647372	Hyalomma-asiaticum	Hyalomma-asiaticum_KAH6927010.1	291	NA	K25747	zymogen granule membrane protein 16	Signal peptide	1	17
cluster_27	speciation	speciation	OG0005278	Yes	No	0.95999137234676	0.0477294311647372	Ixodes-persulcatus	Ixodes-persulcatus_KAG0430904.1	333	NA	K23411;K13897	fetuin-B;cystatin-SN	Signal peptide	1	21
cluster_27	speciation	speciation	OG0005278	Yes	No	0.95999137234676	0.0477294311647372	Ixodes-ricinus	Ixodes-ricinus_GIDG01007786.1.p1	169	NA	K23411;K13897;K25230;K17841	fetuin-B;cystatin-SN;NDP-glycosyltransferase [EC:2.4.1.384];15-cis-phytoene synthase / lycopene beta-cyclase [EC:2.5.1.32 5.5.1.19]	Chain	1	169
cluster_27	speciation	speciation	OG0005278	Yes	No	0.95999137234676	0.0477294311647372	Ixodes-ricinus	Ixodes-ricinus_GIDG01007787.1.p1	146	NA	K23411;K13897;K24380	fetuin-B;cystatin-SN;cystatin-10	Signal peptide	1	17
cluster_27	speciation	speciation	OG0005278	Yes	No	0.95999137234676	0.0477294311647372	Rhipicephalus-microplus	Rhipicephalus-microplus_XP-037275364.1	164	NA	K23409;K23411	alpha-2-HS-glycoprotein;fetuin-B	Signal peptide	1	16
cluster_27	speciation	speciation	OG0005278	Yes	No	0.95999137234676	0.0477294311647372	Rhipicephalus-microplus	Rhipicephalus-microplus_XP-037275365.1	150	NA	NA	NA	Signal peptide	1	19
cluster_27	speciation	speciation	OG0005278	Yes	No	0.95999137234676	0.0477294311647372	Rhipicephalus-microplus	Rhipicephalus-microplus_XP-037275366.1	147	NA	K23411	fetuin-B	Signal peptide	1	16
cluster_27	speciation	speciation	OG0005278	Yes	No	0.95999137234676	0.0477294311647372	Rhipicephalus-microplus	Rhipicephalus-microplus_XP-037275368.1	149	NA	K23411;K23409;K23410;K24380	fetuin-B;alpha-2-HS-glycoprotein;histidine-rich glycoprotein;cystatin-10	Signal peptide	1	19
cluster_27	speciation	speciation	OG0005278	Yes	No	0.95999137234676	0.0477294311647372	Rhipicephalus-microplus	Rhipicephalus-microplus_XP-037289165.1	153	NA	NA	NA	Signal peptide	1	17
cluster_27	speciation	speciation	OG0005278	Yes	No	0.95999137234676	0.0477294311647372	Rhipicephalus-sanguineus	Rhipicephalus-sanguineus_XP-037499485.1	164	NA	K23409	alpha-2-HS-glycoprotein	Signal peptide	1	16
cluster_27	speciation	speciation	OG0005278	Yes	No	0.95999137234676	0.0477294311647372	Rhipicephalus-sanguineus	Rhipicephalus-sanguineus_XP-037500343.1	148	NA	K10044	retinoic acid receptor responder protein 2	Signal peptide	1	18
cluster_27	speciation	speciation	OG0005278	Yes	No	0.95999137234676	0.0477294311647372	Rhipicephalus-sanguineus	Rhipicephalus-sanguineus_XP-037500415.1	180	NA	K23411;K23409;K03898;K23410;K24380	fetuin-B;alpha-2-HS-glycoprotein;kininogen;histidine-rich glycoprotein;cystatin-10	Signal peptide	1	18
cluster_27	speciation	speciation	OG0005278	Yes	No	0.95999137234676	0.0477294311647372	Rhipicephalus-sanguineus	Rhipicephalus-sanguineus_XP-037501743.1	147	NA	K23411;K03898	fetuin-B;kininogen	Signal peptide	1	17
cluster_27	speciation	speciation	OG0005278	Yes	No	0.95999137234676	0.0477294311647372	Rhipicephalus-sanguineus	Rhipicephalus-sanguineus_XP-049267178.1	231	NA	NA	NA	Chain	1	231
cluster_27	speciation	speciation	OG0005278	Yes	No	0.95999137234676	0.0477294311647372	Rhipicephalus-sanguineus	Rhipicephalus-sanguineus_XP-049267180.1	237	NA	NA	NA	Signal peptide	1	17
cluster_33	speciation	speciation	OG0000880	Yes	No	0.314007658706998	0.0119565331876935	Amblyomma-americanum	Amblyomma-americanum_evm.model.contig-16308-1.1	204	NA	K05570;K13184;K19461;K24317;K12741	multicomponent Na+:H+ antiporter subunit F;ATP-dependent RNA helicase A [EC:3.6.4.13];Lymphocryptovirus nuclear antigen 1;germinal-center associated nuclear protein [EC:2.3.1.48];heterogeneous nuclear ribonucleoprotein A1/A3	Chain	1	204
cluster_33	speciation	speciation	OG0000880	Yes	No	0.314007658706998	0.0119565331876935	Amblyomma-americanum	Amblyomma-americanum_evm.model.contig-16308-1.3	381	NA	NA	NA	Signal peptide	1	19
cluster_33	speciation	speciation	OG0000880	Yes	No	0.314007658706998	0.0119565331876935	Amblyomma-americanum	Amblyomma-americanum_evm.model.contig-57900-1.10	193	NA	K12741;K13044;K12894;K03102;K14651	heterogeneous nuclear ribonucleoprotein A1/A3;heterogeneous nuclear ribonucleoprotein A/B/D;heterogeneous nuclear ribonucleoprotein A0;squid;transcription initiation factor TFIID subunit 15	Chain	1	193
cluster_33	speciation	speciation	OG0000880	Yes	No	0.314007658706998	0.0119565331876935	Amblyomma-americanum	Amblyomma-americanum_evm.model.contig-57900-1.3	295	NA	NA	NA	Chain	1	295
cluster_33	speciation	speciation	OG0000880	Yes	No	0.314007658706998	0.0119565331876935	Amblyomma-americanum	Amblyomma-americanum_evm.model.contig-57900-1.7	244	NA	K19461	Lymphocryptovirus nuclear antigen 1	Chain	1	244
cluster_33	speciation	speciation	OG0000880	Yes	No	0.314007658706998	0.0119565331876935	Amblyomma-americanum	Amblyomma-americanum_evm.model.contig-57900-1.9	290	NA	NA	NA	Chain	1	290
cluster_33	speciation	speciation	OG0000880	Yes	No	0.314007658706998	0.0119565331876935	Amblyomma-americanum	Amblyomma-americanum_evm.model.contig-85352-1.2	176	NA	NA	NA	Signal peptide	1	19
cluster_33	speciation	speciation	OG0000880	Yes	No	0.314007658706998	0.0119565331876935	Amblyomma-americanum	Amblyomma-americanum_evm.model.contig-85352-1.4	189	NA	K24317;K13090;K13184;K12741	germinal-center associated nuclear protein [EC:2.3.1.48];interleukin enhancer-binding factor 3;ATP-dependent RNA helicase A [EC:3.6.4.13];heterogeneous nuclear ribonucleoprotein A1/A3	Signal peptide	1	21
cluster_33	speciation	speciation	OG0000880	Yes	No	0.314007658706998	0.0119565331876935	Amblyomma-americanum	Amblyomma-americanum_evm.model.contig-85352-1.5	199	NA	K19461	Lymphocryptovirus nuclear antigen 1	Signal peptide	1	19
cluster_33	speciation	speciation	OG0000880	Yes	No	0.314007658706998	0.0119565331876935	Amblyomma-americanum	Amblyomma-americanum_evm.model.contig-99605-1.5	231	NA	K19461	Lymphocryptovirus nuclear antigen 1	Chain	1	231
cluster_33	speciation	speciation	OG0000880	Yes	No	0.314007658706998	0.0119565331876935	Amblyomma-sculptum	Amblyomma-sculptum_GEEX01000865.1.p1	236	NA	K15352;K19461;K24317	secreted effector protein PipB2;Lymphocryptovirus nuclear antigen 1;germinal-center associated nuclear protein [EC:2.3.1.48]	Chain	1	236
cluster_33	speciation	speciation	OG0000880	Yes	No	0.314007658706998	0.0119565331876935	Amblyomma-sculptum	Amblyomma-sculptum_GEEX01000866.1.p1	177	NA	K24317	germinal-center associated nuclear protein [EC:2.3.1.48]	Signal peptide	1	19
cluster_33	speciation	speciation	OG0000880	Yes	No	0.314007658706998	0.0119565331876935	Amblyomma-sculptum	Amblyomma-sculptum_GEEX01007604.1.p1	193	NA	K13184;K12741;K13090;K24317;K19461	ATP-dependent RNA helicase A [EC:3.6.4.13];heterogeneous nuclear ribonucleoprotein A1/A3;interleukin enhancer-binding factor 3;germinal-center associated nuclear protein [EC:2.3.1.48];Lymphocryptovirus nuclear antigen 1	Signal peptide	1	19
cluster_33	speciation	speciation	OG0000880	Yes	No	0.314007658706998	0.0119565331876935	Amblyomma-sculptum	Amblyomma-sculptum_GEEX01007693.1.p1	173	NA	K24317;K13090;K12741;K13184;K19461	germinal-center associated nuclear protein [EC:2.3.1.48];interleukin enhancer-binding factor 3;heterogeneous nuclear ribonucleoprotein A1/A3;ATP-dependent RNA helicase A [EC:3.6.4.13];Lymphocryptovirus nuclear antigen 1	Signal peptide	1	19
cluster_33	speciation	speciation	OG0000880	Yes	No	0.314007658706998	0.0119565331876935	Dermacentor-andersoni	Dermacentor-andersoni_XP-050046625.2	169	NA	NA	NA	Signal peptide	1	18
cluster_33	speciation	speciation	OG0000880	Yes	No	0.314007658706998	0.0119565331876935	Dermacentor-andersoni	Dermacentor-andersoni_XP-050047681.1	276	NA	NA	NA	Chain	1	276
cluster_33	speciation	speciation	OG0000880	Yes	No	0.314007658706998	0.0119565331876935	Dermacentor-andersoni	Dermacentor-andersoni_XP-050047682.1	230	NA	NA	NA	Chain	1	230
cluster_33	speciation	speciation	OG0000880	Yes	No	0.314007658706998	0.0119565331876935	Dermacentor-andersoni	Dermacentor-andersoni_XP-050051518.1	313	NA	K15352;K21919;K18555	secreted effector protein PipB2;BTB/POZ domain-containing protein KCTD9;fluoroquinolone resistance protein	Signal peptide	1	19
cluster_33	speciation	speciation	OG0000880	Yes	No	0.314007658706998	0.0119565331876935	Dermacentor-andersoni	Dermacentor-andersoni_XP-050051540.1	236	NA	K23952;K20702;K13184;K19461	vacuolar ATPase assembly integral membrane protein VMA21;immune-induced peptide 4;ATP-dependent RNA helicase A [EC:3.6.4.13];Lymphocryptovirus nuclear antigen 1	Signal peptide	1	19
cluster_33	speciation	speciation	OG0000880	Yes	No	0.314007658706998	0.0119565331876935	Dermacentor-andersoni	Dermacentor-andersoni_XP-050051541.1	235	NA	K15352	secreted effector protein PipB2	Signal peptide	1	18
cluster_33	speciation	speciation	OG0000880	Yes	No	0.314007658706998	0.0119565331876935	Dermacentor-andersoni	Dermacentor-andersoni_XP-050051547.1	199	NA	K12051;K13184;K07344;K19461;K12741	ComB7 competence protein;ATP-dependent RNA helicase A [EC:3.6.4.13];type IV secretion system protein TrbL;Lymphocryptovirus nuclear antigen 1;heterogeneous nuclear ribonucleoprotein A1/A3	Signal peptide	1	19
cluster_33	speciation	speciation	OG0000880	Yes	No	0.314007658706998	0.0119565331876935	Dermacentor-andersoni	Dermacentor-andersoni_XP-050051550.1	197	NA	K03489;K13090;K14321;K07344;K14297	GntR family transcriptional regulator, transcriptional regulator of bglA;interleukin enhancer-binding factor 3;nucleoporin-like protein 2;type IV secretion system protein TrbL;nuclear pore complex protein Nup98-Nup96	Signal peptide	1	19
cluster_33	speciation	speciation	OG0000880	Yes	No	0.314007658706998	0.0119565331876935	Dermacentor-andersoni	Dermacentor-andersoni_XP-050051858.1	252	NA	K15352;K19461	secreted effector protein PipB2;Lymphocryptovirus nuclear antigen 1	Chain	1	252
cluster_33	speciation	speciation	OG0000880	Yes	No	0.314007658706998	0.0119565331876935	Dermacentor-andersoni	Dermacentor-andersoni_XP-054917045.1	217	NA	K19461	Lymphocryptovirus nuclear antigen 1	Signal peptide	1	25
cluster_33	speciation	speciation	OG0000880	Yes	No	0.314007658706998	0.0119565331876935	Dermacentor-andersoni	Dermacentor-andersoni_XP-054917046.1	212	NA	NA	NA	Chain	1	212
cluster_33	speciation	speciation	OG0000880	Yes	No	0.314007658706998	0.0119565331876935	Dermacentor-andersoni	Dermacentor-andersoni_XP-054917048.1	104	NA	K05239	tachykinin 1	Signal peptide	1	19
cluster_33	speciation	speciation	OG0000880	Yes	No	0.314007658706998	0.0119565331876935	Dermacentor-andersoni	Dermacentor-andersoni_XP-054919522.1	344	NA	K15352	secreted effector protein PipB2	Signal peptide	1	19
cluster_33	speciation	speciation	OG0000880	Yes	No	0.314007658706998	0.0119565331876935	Dermacentor-andersoni	Dermacentor-andersoni_XP-054919523.1	152	NA	K12051;K24317;K13184;K14317;K18716	ComB7 competence protein;germinal-center associated nuclear protein [EC:2.3.1.48];ATP-dependent RNA helicase A [EC:3.6.4.13];nuclear pore complex protein Nup214;nucleoporin NUP42	Signal peptide	1	19
cluster_33	speciation	speciation	OG0000880	Yes	No	0.314007658706998	0.0119565331876935	Dermacentor-andersoni	Dermacentor-andersoni_XP-054934033.1	382	NA	K08758;K05509	apolipoprotein A-II;C-C motif chemokine 7	Signal peptide	1	18
cluster_33	speciation	speciation	OG0000880	Yes	No	0.314007658706998	0.0119565331876935	Dermacentor-silvarum	Dermacentor-silvarum_XP-037557944.1	170	NA	K13982	probable ATP-dependent RNA helicase DDX4 [EC:3.6.4.13]	Signal peptide	1	18
cluster_33	speciation	speciation	OG0000880	Yes	No	0.314007658706998	0.0119565331876935	Dermacentor-silvarum	Dermacentor-silvarum_XP-037559867.1	303	NA	K15352;K21919	secreted effector protein PipB2;BTB/POZ domain-containing protein KCTD9	Signal peptide	1	19
cluster_33	speciation	speciation	OG0000880	Yes	No	0.314007658706998	0.0119565331876935	Dermacentor-silvarum	Dermacentor-silvarum_XP-037559871.1	211	NA	K12051;K13090;K19461;K07344;K13184	ComB7 competence protein;interleukin enhancer-binding factor 3;Lymphocryptovirus nuclear antigen 1;type IV secretion system protein TrbL;ATP-dependent RNA helicase A [EC:3.6.4.13]	Signal peptide	1	19
cluster_33	speciation	speciation	OG0000880	Yes	No	0.314007658706998	0.0119565331876935	Dermacentor-silvarum	Dermacentor-silvarum_XP-037559873.1	220	NA	NA	NA	Signal peptide	1	18
cluster_33	speciation	speciation	OG0000880	Yes	No	0.314007658706998	0.0119565331876935	Dermacentor-silvarum	Dermacentor-silvarum_XP-037559874.1	217	NA	K23952;K19461;K13184;K13090;K12184	vacuolar ATPase assembly integral membrane protein VMA21;Lymphocryptovirus nuclear antigen 1;ATP-dependent RNA helicase A [EC:3.6.4.13];interleukin enhancer-binding factor 3;ESCRT-I complex subunit VPS28	Signal peptide	1	18
cluster_33	speciation	speciation	OG0000880	Yes	No	0.314007658706998	0.0119565331876935	Dermacentor-silvarum	Dermacentor-silvarum_XP-037570429.1	197	NA	K13090;K13184;K14297;K07344;K24317	interleukin enhancer-binding factor 3;ATP-dependent RNA helicase A [EC:3.6.4.13];nuclear pore complex protein Nup98-Nup96;type IV secretion system protein TrbL;germinal-center associated nuclear protein [EC:2.3.1.48]	Signal peptide	1	19
cluster_33	speciation	speciation	OG0000880	Yes	No	0.314007658706998	0.0119565331876935	Dermacentor-silvarum	Dermacentor-silvarum_XP-037580477.1	215	NA	K19461	Lymphocryptovirus nuclear antigen 1	Signal peptide	1	25
cluster_33	speciation	speciation	OG0000880	Yes	No	0.314007658706998	0.0119565331876935	Dermacentor-silvarum	Dermacentor-silvarum_XP-037581363.1	169	NA	NA	NA	Signal peptide	1	18
cluster_33	speciation	speciation	OG0000880	Yes	No	0.314007658706998	0.0119565331876935	Dermacentor-silvarum	Dermacentor-silvarum_XP-037581366.1	260	NA	NA	NA	Signal peptide	1	19
cluster_33	speciation	speciation	OG0000880	Yes	No	0.314007658706998	0.0119565331876935	Dermacentor-silvarum	Dermacentor-silvarum_XP-037581372.1	232	NA	NA	NA	Chain	1	232
cluster_33	speciation	speciation	OG0000880	Yes	No	0.314007658706998	0.0119565331876935	Dermacentor-silvarum	Dermacentor-silvarum_XP-049512628.1	212	NA	NA	NA	Chain	1	212
cluster_33	speciation	speciation	OG0000880	Yes	No	0.314007658706998	0.0119565331876935	Dermacentor-silvarum	Dermacentor-silvarum_XP-049512629.1	212	NA	K13184	ATP-dependent RNA helicase A [EC:3.6.4.13]	Chain	1	212
cluster_33	speciation	speciation	OG0000880	Yes	No	0.314007658706998	0.0119565331876935	Dermacentor-silvarum	Dermacentor-silvarum_XP-049515639.1	113	NA	NA	NA	Chain	1	113
cluster_33	speciation	speciation	OG0000880	Yes	No	0.314007658706998	0.0119565331876935	Dermacentor-silvarum	Dermacentor-silvarum_XP-049516052.1	310	NA	NA	NA	Signal peptide	1	21
cluster_33	speciation	speciation	OG0000880	Yes	No	0.314007658706998	0.0119565331876935	Dermacentor-silvarum	Dermacentor-silvarum_XP-049516079.1	202	NA	K15352;K07344;K12741;K19461;K07605	secreted effector protein PipB2;type IV secretion system protein TrbL;heterogeneous nuclear ribonucleoprotein A1/A3;Lymphocryptovirus nuclear antigen 1;type II keratin, basic	Chain	1	202
cluster_33	speciation	speciation	OG0000880	Yes	No	0.314007658706998	0.0119565331876935	Dermacentor-variabilis	Dermacentor-variabilis_GGQS01004022.1.p3	125	NA	NA	NA	Chain	1	125
cluster_33	speciation	speciation	OG0000880	Yes	No	0.314007658706998	0.0119565331876935	Dermacentor-variabilis	Dermacentor-variabilis_GGQS01005722.1.p1	197	NA	K03489;K13090;K13836;K14321;K07344	GntR family transcriptional regulator, transcriptional regulator of bglA;interleukin enhancer-binding factor 3;circumsporozoite protein;nucleoporin-like protein 2;type IV secretion system protein TrbL	Signal peptide	1	19
cluster_33	speciation	speciation	OG0000880	Yes	No	0.314007658706998	0.0119565331876935	Dermacentor-variabilis	Dermacentor-variabilis_GGQS01006394.1.p2	123	NA	NA	NA	Chain	1	123
cluster_33	speciation	speciation	OG0000880	Yes	No	0.314007658706998	0.0119565331876935	Dermacentor-variabilis	Dermacentor-variabilis_GGQS01011745.1.p2	218	NA	K05239;K11234;K20668;K08758;K13184	tachykinin 1;mating pheromone alpha-factor;defensin;apolipoprotein A-II;ATP-dependent RNA helicase A [EC:3.6.4.13]	Chain	1	218
cluster_33	speciation	speciation	OG0000880	Yes	No	0.314007658706998	0.0119565331876935	Dermacentor-variabilis	Dermacentor-variabilis_GGQS01012271.1.p1	145	NA	NA	NA	Chain	1	145
cluster_33	speciation	speciation	OG0000880	Yes	No	0.314007658706998	0.0119565331876935	Dermacentor-variabilis	Dermacentor-variabilis_GGQS01018038.1.p1	182	NA	K08758;K11360;K07344;K13982;K13184	apolipoprotein A-II;transcriptional activator SPT8;type IV secretion system protein TrbL;probable ATP-dependent RNA helicase DDX4 [EC:3.6.4.13];ATP-dependent RNA helicase A [EC:3.6.4.13]	Signal peptide	1	31
cluster_33	speciation	speciation	OG0000880	Yes	No	0.314007658706998	0.0119565331876935	Dermacentor-variabilis	Dermacentor-variabilis_GGQS01025575.1.p1	216	NA	K05239;K08758;K19461;K13184;K24992	tachykinin 1;apolipoprotein A-II;Lymphocryptovirus nuclear antigen 1;ATP-dependent RNA helicase A [EC:3.6.4.13];myelin expression factor 2	Chain	1	216
cluster_33	speciation	speciation	OG0000880	Yes	No	0.314007658706998	0.0119565331876935	Dermacentor-variabilis	Dermacentor-variabilis_GGQS01025576.1.p1	244	NA	K05239;K08758;K19461;K13982	tachykinin 1;apolipoprotein A-II;Lymphocryptovirus nuclear antigen 1;probable ATP-dependent RNA helicase DDX4 [EC:3.6.4.13]	Chain	1	244
cluster_33	speciation	speciation	OG0000880	Yes	No	0.314007658706998	0.0119565331876935	Dermacentor-variabilis	Dermacentor-variabilis_GGQS01025577.1.p1	190	NA	K19461;K07344	Lymphocryptovirus nuclear antigen 1;type IV secretion system protein TrbL	Chain	1	190
cluster_33	speciation	speciation	OG0000880	Yes	No	0.314007658706998	0.0119565331876935	Haemaphysalis-longicornis	Haemaphysalis-longicornis_KAH9359890.1	172	NA	K05472;K14317;K14308;K07605;K18715	tumor necrosis factor ligand superfamily member 9;nuclear pore complex protein Nup214;nuclear pore complex protein Nup54;type II keratin, basic;nucleoporin NUP159	Chain	1	172
cluster_33	speciation	speciation	OG0000880	Yes	No	0.314007658706998	0.0119565331876935	Hyalomma-asiaticum	Hyalomma-asiaticum_KAH6923439.1	216	NA	K19461	Lymphocryptovirus nuclear antigen 1	Signal peptide	1	19
cluster_33	speciation	speciation	OG0000880	Yes	No	0.314007658706998	0.0119565331876935	Hyalomma-asiaticum	Hyalomma-asiaticum_KAH6923440.1	214	NA	NA	NA	Chain	1	214
cluster_33	speciation	speciation	OG0000880	Yes	No	0.314007658706998	0.0119565331876935	Hyalomma-asiaticum	Hyalomma-asiaticum_KAH6923441.1	245	NA	K19461	Lymphocryptovirus nuclear antigen 1	Chain	1	245
cluster_33	speciation	speciation	OG0000880	Yes	No	0.314007658706998	0.0119565331876935	Hyalomma-asiaticum	Hyalomma-asiaticum_KAH6923443.1	201	NA	K15047	heterogeneous nuclear ribonucleoprotein U-like protein 1	Signal peptide	1	19
cluster_33	speciation	speciation	OG0000880	Yes	No	0.314007658706998	0.0119565331876935	Hyalomma-asiaticum	Hyalomma-asiaticum_KAH6923445.1	167	NA	NA	NA	Signal peptide	1	18
cluster_33	speciation	speciation	OG0000880	Yes	No	0.314007658706998	0.0119565331876935	Hyalomma-asiaticum	Hyalomma-asiaticum_KAH6944283.1	266	NA	K15352;K19461	secreted effector protein PipB2;Lymphocryptovirus nuclear antigen 1	Chain	1	266
cluster_33	speciation	speciation	OG0000880	Yes	No	0.314007658706998	0.0119565331876935	Hyalomma-asiaticum	Hyalomma-asiaticum_KAH6947072.1	193	NA	K13090;K13184;K13836;K12741;K24317	interleukin enhancer-binding factor 3;ATP-dependent RNA helicase A [EC:3.6.4.13];circumsporozoite protein;heterogeneous nuclear ribonucleoprotein A1/A3;germinal-center associated nuclear protein [EC:2.3.1.48]	Signal peptide	1	20
cluster_33	speciation	speciation	OG0000880	Yes	No	0.314007658706998	0.0119565331876935	Hyalomma-asiaticum	Hyalomma-asiaticum_KAH6947073.1	229	NA	K19461;K13184;K12741;K22989;K13982	Lymphocryptovirus nuclear antigen 1;ATP-dependent RNA helicase A [EC:3.6.4.13];heterogeneous nuclear ribonucleoprotein A1/A3;integral membrane protein GPR137;probable ATP-dependent RNA helicase DDX4 [EC:3.6.4.13]	Chain	1	229
cluster_33	speciation	speciation	OG0000880	Yes	No	0.314007658706998	0.0119565331876935	Hyalomma-asiaticum	Hyalomma-asiaticum_KAH6947075.1	213	NA	K20356;K13090;K13184;K19461	anterior gradient protein 2;interleukin enhancer-binding factor 3;ATP-dependent RNA helicase A [EC:3.6.4.13];Lymphocryptovirus nuclear antigen 1	Chain	1	213
cluster_33	speciation	speciation	OG0000880	Yes	No	0.314007658706998	0.0119565331876935	Ixodes-ricinus	Ixodes-ricinus_GIDG01010627.1.p1	208	NA	K19461;K13090	Lymphocryptovirus nuclear antigen 1;interleukin enhancer-binding factor 3	Signal peptide	1	19
cluster_33	speciation	speciation	OG0000880	Yes	No	0.314007658706998	0.0119565331876935	Ornithodoros-turicata	Ornithodoros-turicata_GDIC01022671.1.p1	246	NA	K15352	secreted effector protein PipB2	Chain	1	246
cluster_33	speciation	speciation	OG0000880	Yes	No	0.314007658706998	0.0119565331876935	Rhipicephalus-microplus	Rhipicephalus-microplus_XP-037269420.1	199	NA	K19461;K22989	Lymphocryptovirus nuclear antigen 1;integral membrane protein GPR137	Signal peptide	1	19
cluster_33	speciation	speciation	OG0000880	Yes	No	0.314007658706998	0.0119565331876935	Rhipicephalus-microplus	Rhipicephalus-microplus_XP-037269421.1	199	NA	K19461;K24317	Lymphocryptovirus nuclear antigen 1;germinal-center associated nuclear protein [EC:2.3.1.48]	Signal peptide	1	19
cluster_33	speciation	speciation	OG0000880	Yes	No	0.314007658706998	0.0119565331876935	Rhipicephalus-microplus	Rhipicephalus-microplus_XP-037269422.1	211	NA	K19461;K24317	Lymphocryptovirus nuclear antigen 1;germinal-center associated nuclear protein [EC:2.3.1.48]	Signal peptide	1	19
cluster_33	speciation	speciation	OG0000880	Yes	No	0.314007658706998	0.0119565331876935	Rhipicephalus-microplus	Rhipicephalus-microplus_XP-037269424.1	247	NA	K20668	defensin	Chain	1	247
cluster_33	speciation	speciation	OG0000880	Yes	No	0.314007658706998	0.0119565331876935	Rhipicephalus-microplus	Rhipicephalus-microplus_XP-037269427.1	207	NA	K19461	Lymphocryptovirus nuclear antigen 1	Signal peptide	1	18
cluster_33	speciation	speciation	OG0000880	Yes	No	0.314007658706998	0.0119565331876935	Rhipicephalus-microplus	Rhipicephalus-microplus_XP-037270404.1	229	NA	K19461;K24317	Lymphocryptovirus nuclear antigen 1;germinal-center associated nuclear protein [EC:2.3.1.48]	Chain	1	229
cluster_33	speciation	speciation	OG0000880	Yes	No	0.314007658706998	0.0119565331876935	Rhipicephalus-microplus	Rhipicephalus-microplus_XP-037270406.1	343	NA	NA	NA	Chain	1	343
cluster_33	speciation	speciation	OG0000880	Yes	No	0.314007658706998	0.0119565331876935	Rhipicephalus-microplus	Rhipicephalus-microplus_XP-037270412.1	275	NA	K19461;K24317	Lymphocryptovirus nuclear antigen 1;germinal-center associated nuclear protein [EC:2.3.1.48]	Chain	1	275
cluster_33	speciation	speciation	OG0000880	Yes	No	0.314007658706998	0.0119565331876935	Rhipicephalus-microplus	Rhipicephalus-microplus_XP-037272456.1	187	NA	K19461	Lymphocryptovirus nuclear antigen 1	Signal peptide	1	18
cluster_33	speciation	speciation	OG0000880	Yes	No	0.314007658706998	0.0119565331876935	Rhipicephalus-microplus	Rhipicephalus-microplus_XP-037272457.1	167	NA	K15047	heterogeneous nuclear ribonucleoprotein U-like protein 1	Signal peptide	1	18
cluster_33	speciation	speciation	OG0000880	Yes	No	0.314007658706998	0.0119565331876935	Rhipicephalus-microplus	Rhipicephalus-microplus_XP-037272460.1	163	NA	NA	NA	Signal peptide	1	18
cluster_33	speciation	speciation	OG0000880	Yes	No	0.314007658706998	0.0119565331876935	Rhipicephalus-microplus	Rhipicephalus-microplus_XP-037272461.1	197	NA	NA	NA	Signal peptide	1	19
cluster_33	speciation	speciation	OG0000880	Yes	No	0.314007658706998	0.0119565331876935	Rhipicephalus-microplus	Rhipicephalus-microplus_XP-037273402.1	174	NA	K15047	heterogeneous nuclear ribonucleoprotein U-like protein 1	Signal peptide	1	25
cluster_33	speciation	speciation	OG0000880	Yes	No	0.314007658706998	0.0119565331876935	Rhipicephalus-microplus	Rhipicephalus-microplus_XP-037273407.1	221	NA	NA	NA	Signal peptide	1	18
cluster_33	speciation	speciation	OG0000880	Yes	No	0.314007658706998	0.0119565331876935	Rhipicephalus-microplus	Rhipicephalus-microplus_XP-037273408.1	221	NA	K19461	Lymphocryptovirus nuclear antigen 1	Chain	1	221
cluster_33	speciation	speciation	OG0000880	Yes	No	0.314007658706998	0.0119565331876935	Rhipicephalus-sanguineus	Rhipicephalus-sanguineus_XP-037502881.1	321	NA	K15352;K24317;K19461	secreted effector protein PipB2;germinal-center associated nuclear protein [EC:2.3.1.48];Lymphocryptovirus nuclear antigen 1	Chain	1	321
cluster_33	speciation	speciation	OG0000880	Yes	No	0.314007658706998	0.0119565331876935	Rhipicephalus-sanguineus	Rhipicephalus-sanguineus_XP-037502943.1	197	NA	K13090;K07344;K13184;K24317;K13836	interleukin enhancer-binding factor 3;type IV secretion system protein TrbL;ATP-dependent RNA helicase A [EC:3.6.4.13];germinal-center associated nuclear protein [EC:2.3.1.48];circumsporozoite protein	Signal peptide	1	19
cluster_33	speciation	speciation	OG0000880	Yes	No	0.314007658706998	0.0119565331876935	Rhipicephalus-sanguineus	Rhipicephalus-sanguineus_XP-037517942.2	199	NA	K19461;K13184;K12741;K24317	Lymphocryptovirus nuclear antigen 1;ATP-dependent RNA helicase A [EC:3.6.4.13];heterogeneous nuclear ribonucleoprotein A1/A3;germinal-center associated nuclear protein [EC:2.3.1.48]	Signal peptide	1	19
cluster_33	speciation	speciation	OG0000880	Yes	No	0.314007658706998	0.0119565331876935	Rhipicephalus-sanguineus	Rhipicephalus-sanguineus_XP-037517950.2	210	NA	K13090;K13184;K07344;K19461;K13982	interleukin enhancer-binding factor 3;ATP-dependent RNA helicase A [EC:3.6.4.13];type IV secretion system protein TrbL;Lymphocryptovirus nuclear antigen 1;probable ATP-dependent RNA helicase DDX4 [EC:3.6.4.13]	Signal peptide	1	24
cluster_33	speciation	speciation	OG0000880	Yes	No	0.314007658706998	0.0119565331876935	Rhipicephalus-sanguineus	Rhipicephalus-sanguineus_XP-037517956.1	263	NA	K19461;K14211	Lymphocryptovirus nuclear antigen 1;elastin	Signal peptide	1	18
cluster_33	speciation	speciation	OG0000880	Yes	No	0.314007658706998	0.0119565331876935	Rhipicephalus-sanguineus	Rhipicephalus-sanguineus_XP-037517963.1	202	NA	K05793;K19461	tellurite resistance protein TerB;Lymphocryptovirus nuclear antigen 1	Signal peptide	1	18
cluster_33	speciation	speciation	OG0000880	Yes	No	0.314007658706998	0.0119565331876935	Rhipicephalus-sanguineus	Rhipicephalus-sanguineus_XP-037518089.1	262	NA	K15352;K19461	secreted effector protein PipB2;Lymphocryptovirus nuclear antigen 1	Chain	1	262
cluster_33	speciation	speciation	OG0000880	Yes	No	0.314007658706998	0.0119565331876935	Rhipicephalus-sanguineus	Rhipicephalus-sanguineus_XP-037524792.2	234	NA	NA	NA	Chain	1	234
cluster_33	speciation	speciation	OG0000880	Yes	No	0.314007658706998	0.0119565331876935	Rhipicephalus-sanguineus	Rhipicephalus-sanguineus_XP-037524803.1	167	NA	K13914;K15047;K19461;K07344	statherin;heterogeneous nuclear ribonucleoprotein U-like protein 1;Lymphocryptovirus nuclear antigen 1;type IV secretion system protein TrbL	Signal peptide	1	18
cluster_33	speciation	speciation	OG0000880	Yes	No	0.314007658706998	0.0119565331876935	Rhipicephalus-sanguineus	Rhipicephalus-sanguineus_XP-037526085.1	205	NA	K11360	transcriptional activator SPT8	Signal peptide	1	19
cluster_33	speciation	speciation	OG0000880	Yes	No	0.314007658706998	0.0119565331876935	Rhipicephalus-sanguineus	Rhipicephalus-sanguineus_XP-049267908.1	301	NA	K15352;K13090	secreted effector protein PipB2;interleukin enhancer-binding factor 3	Chain	1	301
cluster_33	speciation	speciation	OG0000880	Yes	No	0.314007658706998	0.0119565331876935	Rhipicephalus-sanguineus	Rhipicephalus-sanguineus_XP-049274365.1	270	NA	NA	NA	Chain	1	270
cluster_33	speciation	speciation	OG0000880	Yes	No	0.314007658706998	0.0119565331876935	Rhipicephalus-sanguineus	Rhipicephalus-sanguineus_XP-049274368.1	169	NA	K13982;K07344	probable ATP-dependent RNA helicase DDX4 [EC:3.6.4.13];type IV secretion system protein TrbL	Signal peptide	1	23
cluster_33	speciation	speciation	OG0007516	Yes	No	0.97195658891099	0.0187771774717899	Amblyomma-americanum	Amblyomma-americanum_evm.model.contig-144128-1.1	107	NA	NA	NA	Chain	1	107
cluster_33	speciation	speciation	OG0007516	Yes	No	0.97195658891099	0.0187771774717899	Amblyomma-americanum	Amblyomma-americanum_evm.model.contig-149332-1.5	168	NA	NA	NA	Signal peptide	1	23
cluster_33	speciation	speciation	OG0007516	Yes	No	0.97195658891099	0.0187771774717899	Amblyomma-americanum	Amblyomma-americanum_evm.model.contig-193065-1.1	198	NA	NA	NA	Chain	1	198
cluster_33	speciation	speciation	OG0007516	Yes	No	0.97195658891099	0.0187771774717899	Amblyomma-sculptum	Amblyomma-sculptum_GEEX01000592.1.p1	222	NA	NA	NA	Signal peptide	1	24
cluster_33	speciation	speciation	OG0007516	Yes	No	0.97195658891099	0.0187771774717899	Dermacentor-andersoni	Dermacentor-andersoni_XP-050032214.1	240	NA	NA	NA	Signal peptide	1	24
cluster_33	speciation	speciation	OG0007516	Yes	No	0.97195658891099	0.0187771774717899	Dermacentor-andersoni	Dermacentor-andersoni_XP-050032217.1	225	NA	NA	NA	Signal peptide	1	22
cluster_33	speciation	speciation	OG0007516	Yes	No	0.97195658891099	0.0187771774717899	Dermacentor-andersoni	Dermacentor-andersoni_XP-050032218.1	169	NA	NA	NA	Chain	1	169
cluster_33	speciation	speciation	OG0007516	Yes	No	0.97195658891099	0.0187771774717899	Dermacentor-andersoni	Dermacentor-andersoni_XP-054925257.1	220	NA	NA	NA	Signal peptide	1	24
cluster_33	speciation	speciation	OG0007516	Yes	No	0.97195658891099	0.0187771774717899	Dermacentor-silvarum	Dermacentor-silvarum_XP-037554470.1	228	NA	NA	NA	Signal peptide	1	22
cluster_33	speciation	speciation	OG0007516	Yes	No	0.97195658891099	0.0187771774717899	Dermacentor-silvarum	Dermacentor-silvarum_XP-049513519.1	244	NA	NA	NA	Chain	1	244
cluster_33	speciation	speciation	OG0007516	Yes	No	0.97195658891099	0.0187771774717899	Dermacentor-silvarum	Dermacentor-silvarum_XP-049513520.1	236	NA	K12489	Arf-GAP with coiled-coil, ANK repeat and PH domain-containing protein	Signal peptide	1	33
cluster_33	speciation	speciation	OG0007516	Yes	No	0.97195658891099	0.0187771774717899	Dermacentor-silvarum	Dermacentor-silvarum_XP-049513521.1	235	NA	K12489	Arf-GAP with coiled-coil, ANK repeat and PH domain-containing protein	Signal peptide	1	33
cluster_33	speciation	speciation	OG0007516	Yes	No	0.97195658891099	0.0187771774717899	Dermacentor-silvarum	Dermacentor-silvarum_XP-049513522.1	230	NA	K25841;K07900	aluminum-activated malate transporter family protein;Ras-related protein Rab-9B	Signal peptide	1	22
cluster_33	speciation	speciation	OG0007516	Yes	No	0.97195658891099	0.0187771774717899	Dermacentor-variabilis	Dermacentor-variabilis_GGQS01016557.1.p1	224	NA	NA	NA	Chain	1	224
cluster_33	speciation	speciation	OG0007516	Yes	No	0.97195658891099	0.0187771774717899	Dermacentor-variabilis	Dermacentor-variabilis_GGQS01021297.1.p1	225	NA	K06826	nidogen (entactin)	Signal peptide	1	22
cluster_33	speciation	speciation	OG0007516	Yes	No	0.97195658891099	0.0187771774717899	Hyalomma-asiaticum	Hyalomma-asiaticum_KAH6921928.1	230	NA	NA	NA	Chain	1	230
cluster_33	speciation	speciation	OG0007516	Yes	No	0.97195658891099	0.0187771774717899	Hyalomma-asiaticum	Hyalomma-asiaticum_KAH6921930.1	137	NA	K16774	IQ calmodulin-binding motif-containing protein 1	Signal peptide	1	24
cluster_33	speciation	speciation	OG0007516	Yes	No	0.97195658891099	0.0187771774717899	Hyalomma-asiaticum	Hyalomma-asiaticum_KAH6922835.1	224	NA	NA	NA	Signal peptide	1	21
cluster_33	speciation	speciation	OG0007516	Yes	No	0.97195658891099	0.0187771774717899	Rhipicephalus-microplus	Rhipicephalus-microplus_XP-037270996.1	270	NA	NA	NA	Chain	1	270
cluster_33	speciation	speciation	OG0007516	Yes	No	0.97195658891099	0.0187771774717899	Rhipicephalus-microplus	Rhipicephalus-microplus_XP-037270997.1	247	NA	NA	NA	Chain	1	247
cluster_33	speciation	speciation	OG0007516	Yes	No	0.97195658891099	0.0187771774717899	Rhipicephalus-microplus	Rhipicephalus-microplus_XP-037270998.1	238	NA	NA	NA	Chain	1	238
cluster_33	speciation	speciation	OG0007516	Yes	No	0.97195658891099	0.0187771774717899	Rhipicephalus-microplus	Rhipicephalus-microplus_XP-037270999.1	222	NA	NA	NA	Signal peptide	1	22
cluster_33	speciation	speciation	OG0007516	Yes	No	0.97195658891099	0.0187771774717899	Rhipicephalus-sanguineus	Rhipicephalus-sanguineus_XP-037498549.2	152	NA	NA	NA	Signal peptide	1	22
cluster_33	speciation	speciation	OG0007516	Yes	No	0.97195658891099	0.0187771774717899	Rhipicephalus-sanguineus	Rhipicephalus-sanguineus_XP-037498550.1	223	NA	NA	NA	Signal peptide	1	22
cluster_40	speciation	speciation	OG0007774	Yes	No	1.82861681642183	0.0269441728371553	Amblyomma-americanum	Amblyomma-americanum_evm.model.contig-20267-1.2	747	NA	NA	NA	Chain	1	747
cluster_40	speciation	speciation	OG0007774	Yes	No	1.82861681642183	0.0269441728371553	Dermacentor-andersoni	Dermacentor-andersoni_XP-050045894.2	430	NA	K22843	ETFB lysine methyltransferase [EC:2.1.1.-]	Signal peptide	1	16
cluster_40	speciation	speciation	OG0007774	Yes	No	1.82861681642183	0.0269441728371553	Dermacentor-andersoni	Dermacentor-andersoni_XP-050047524.1	424	NA	NA	NA	Signal peptide	1	17
cluster_40	speciation	speciation	OG0007774	Yes	No	1.82861681642183	0.0269441728371553	Dermacentor-silvarum	Dermacentor-silvarum_XP-037566285.1	428	NA	NA	NA	Signal peptide	1	19
cluster_40	speciation	speciation	OG0007774	Yes	No	1.82861681642183	0.0269441728371553	Dermacentor-silvarum	Dermacentor-silvarum_XP-049519788.1	438	NA	NA	NA	Signal peptide	1	17
cluster_40	speciation	speciation	OG0007774	Yes	No	1.82861681642183	0.0269441728371553	Dermacentor-silvarum	Dermacentor-silvarum_XP-049519791.1	417	NA	NA	NA	Signal peptide	1	17
cluster_40	speciation	speciation	OG0007774	Yes	No	1.82861681642183	0.0269441728371553	Dermacentor-silvarum	Dermacentor-silvarum_XP-049519792.1	411	NA	NA	NA	Signal peptide	1	17
cluster_40	speciation	speciation	OG0007774	Yes	No	1.82861681642183	0.0269441728371553	Dermacentor-silvarum	Dermacentor-silvarum_XP-049519793.1	389	NA	NA	NA	Signal peptide	1	17
cluster_40	speciation	speciation	OG0007774	Yes	No	1.82861681642183	0.0269441728371553	Dermacentor-silvarum	Dermacentor-silvarum_XP-049519795.1	362	NA	NA	NA	Signal peptide	1	17
cluster_40	speciation	speciation	OG0007774	Yes	No	1.82861681642183	0.0269441728371553	Dermacentor-variabilis	Dermacentor-variabilis_GGQS01004608.1.p1	147	NA	K22868	WD repeat-containing protein 34	Chain	1	147
cluster_40	speciation	speciation	OG0007774	Yes	No	1.82861681642183	0.0269441728371553	Dermacentor-variabilis	Dermacentor-variabilis_GGQS01017598.1.p1	220	NA	K06080	RcsF protein	Chain	1	220
cluster_40	speciation	speciation	OG0007774	Yes	No	1.82861681642183	0.0269441728371553	Ixodes-persulcatus	Ixodes-persulcatus_KAG0432519.1	161	NA	NA	NA	Chain	1	161
cluster_40	speciation	speciation	OG0007774	Yes	No	1.82861681642183	0.0269441728371553	Ixodes-scapularis	Ixodes-scapularis_tr|A0A1S4KWQ8|A0A1S4KWQ8-IXOSC	177	NA	NA	NA	Signal peptide	1	26
cluster_40	speciation	speciation	OG0007774	Yes	No	1.82861681642183	0.0269441728371553	Rhipicephalus-microplus	Rhipicephalus-microplus_XP-037280140.1	435	NA	NA	NA	Signal peptide	1	17
cluster_40	speciation	speciation	OG0007774	Yes	No	1.82861681642183	0.0269441728371553	Rhipicephalus-microplus	Rhipicephalus-microplus_XP-037280150.1	409	NA	NA	NA	Signal peptide	1	17
cluster_40	speciation	speciation	OG0007774	Yes	No	1.82861681642183	0.0269441728371553	Rhipicephalus-microplus	Rhipicephalus-microplus_XP-037280156.1	408	NA	NA	NA	Signal peptide	1	17
cluster_40	speciation	speciation	OG0007774	Yes	No	1.82861681642183	0.0269441728371553	Rhipicephalus-microplus	Rhipicephalus-microplus_XP-037280160.1	384	NA	NA	NA	Signal peptide	1	17
cluster_40	speciation	speciation	OG0007774	Yes	No	1.82861681642183	0.0269441728371553	Rhipicephalus-microplus	Rhipicephalus-microplus_XP-037280165.1	344	NA	NA	NA	Signal peptide	1	17
cluster_40	speciation	speciation	OG0007774	Yes	No	1.82861681642183	0.0269441728371553	Rhipicephalus-microplus	Rhipicephalus-microplus_XP-037280173.1	422	NA	NA	NA	Signal peptide	1	17
cluster_40	speciation	speciation	OG0007774	Yes	No	1.82861681642183	0.0269441728371553	Rhipicephalus-sanguineus	Rhipicephalus-sanguineus_XP-037513658.1	440	NA	NA	NA	Chain	1	440
cluster_40	speciation	speciation	OG0007774	Yes	No	1.82861681642183	0.0269441728371553	Rhipicephalus-sanguineus	Rhipicephalus-sanguineus_XP-037513662.1	415	NA	NA	NA	Chain	1	415
cluster_40	speciation	speciation	OG0007774	Yes	No	1.82861681642183	0.0269441728371553	Rhipicephalus-sanguineus	Rhipicephalus-sanguineus_XP-049270642.1	433	NA	NA	NA	Signal peptide	1	17
cluster_40	speciation	speciation	OG0009965	Yes	No	2.07529929816772	0.0393234292187254	Amblyomma-americanum	Amblyomma-americanum_evm.model.contig-100929-1.2	156	NA	K23087;K23624;K23421;K23422;K03909	tissue factor pathway inhibitor 2;papilin;Kunitz-type protease inhibitor 2;Kunitz-type protease inhibitor 3;tissue factor pathway inhibitor	Signal peptide	1	21
cluster_40	speciation	speciation	OG0009965	Yes	No	2.07529929816772	0.0393234292187254	Dermacentor-andersoni	Dermacentor-andersoni_XP-050046238.1	194	NA	K23087;K23421;K03909;K23621;K23620	tissue factor pathway inhibitor 2;Kunitz-type protease inhibitor 2;tissue factor pathway inhibitor;WAP, Kazal, immunoglobulin, Kunitz and NTR domain-containing protein;protein AMBP	Signal peptide	1	24
cluster_40	speciation	speciation	OG0009965	Yes	No	2.07529929816772	0.0393234292187254	Dermacentor-andersoni	Dermacentor-andersoni_XP-054918239.1	402	serine-type endopeptidase inhibitor activity	K23421;K08117;K23087;K23422;K23621	Kunitz-type protease inhibitor 2;amyloid-like protein 2;tissue factor pathway inhibitor 2;Kunitz-type protease inhibitor 3;WAP, Kazal, immunoglobulin, Kunitz and NTR domain-containing protein	Signal peptide	1	25
cluster_40	speciation	speciation	OG0009965	Yes	No	2.07529929816772	0.0393234292187254	Dermacentor-silvarum	Dermacentor-silvarum_XP-037582012.1	201	NA	K23087;K23421;K23621;K23620;K03909	tissue factor pathway inhibitor 2;Kunitz-type protease inhibitor 2;WAP, Kazal, immunoglobulin, Kunitz and NTR domain-containing protein;protein AMBP;tissue factor pathway inhibitor	Signal peptide	1	24
cluster_40	speciation	speciation	OG0009965	Yes	No	2.07529929816772	0.0393234292187254	Dermacentor-silvarum	Dermacentor-silvarum_XP-037582014.1	151	NA	K23087;K23422;K03909;K23421;K23621	tissue factor pathway inhibitor 2;Kunitz-type protease inhibitor 3;tissue factor pathway inhibitor;Kunitz-type protease inhibitor 2;WAP, Kazal, immunoglobulin, Kunitz and NTR domain-containing protein	Signal peptide	1	19
cluster_40	speciation	speciation	OG0009965	Yes	No	2.07529929816772	0.0393234292187254	Dermacentor-silvarum	Dermacentor-silvarum_XP-049511936.1	211	PLAC (protease and lacunin) domain	K23087;K23621;K23620;K23421;K03909	tissue factor pathway inhibitor 2;WAP, Kazal, immunoglobulin, Kunitz and NTR domain-containing protein;protein AMBP;Kunitz-type protease inhibitor 2;tissue factor pathway inhibitor	Signal peptide	1	21
cluster_40	speciation	speciation	OG0009965	Yes	No	2.07529929816772	0.0393234292187254	Dermacentor-silvarum	Dermacentor-silvarum_XP-049512065.1	157	NA	K23087;K23421;K23624;K23620;K23422	tissue factor pathway inhibitor 2;Kunitz-type protease inhibitor 2;papilin;protein AMBP;Kunitz-type protease inhibitor 3	Chain	1	157
cluster_40	speciation	speciation	OG0009965	Yes	No	2.07529929816772	0.0393234292187254	Dermacentor-silvarum	Dermacentor-silvarum_XP-049512092.1	150	NA	K23087;K03909;K23421;K23620;K23621	tissue factor pathway inhibitor 2;tissue factor pathway inhibitor;Kunitz-type protease inhibitor 2;protein AMBP;WAP, Kazal, immunoglobulin, Kunitz and NTR domain-containing protein	Signal peptide	1	24
cluster_40	speciation	speciation	OG0009965	Yes	No	2.07529929816772	0.0393234292187254	Dermacentor-variabilis	Dermacentor-variabilis_GGQS01022781.1.p1	138	NA	K23621;K23087;K23620;K23422;K03909	WAP, Kazal, immunoglobulin, Kunitz and NTR domain-containing protein;tissue factor pathway inhibitor 2;protein AMBP;Kunitz-type protease inhibitor 3;tissue factor pathway inhibitor	Chain	1	138
cluster_40	speciation	speciation	OG0009965	Yes	No	2.07529929816772	0.0393234292187254	Rhipicephalus-microplus	Rhipicephalus-microplus_XP-037272520.1	157	PLAC (protease and lacunin) domain	K23422;K23621;K23087;K23421;K23624	Kunitz-type protease inhibitor 3;WAP, Kazal, immunoglobulin, Kunitz and NTR domain-containing protein;tissue factor pathway inhibitor 2;Kunitz-type protease inhibitor 2;papilin	Signal peptide	1	23
cluster_40	speciation	speciation	OG0009965	Yes	No	2.07529929816772	0.0393234292187254	Rhipicephalus-sanguineus	Rhipicephalus-sanguineus_XP-037525101.1	145	NA	K23087;K23421;K23621;K23422;K23620	tissue factor pathway inhibitor 2;Kunitz-type protease inhibitor 2;WAP, Kazal, immunoglobulin, Kunitz and NTR domain-containing protein;Kunitz-type protease inhibitor 3;protein AMBP	Signal peptide	1	18
cluster_40	speciation	speciation	OG0009965	Yes	No	2.07529929816772	0.0393234292187254	Rhipicephalus-sanguineus	Rhipicephalus-sanguineus_XP-037525110.1	191	NA	K23087;K23421;K23422;K23621;K23620	tissue factor pathway inhibitor 2;Kunitz-type protease inhibitor 2;Kunitz-type protease inhibitor 3;WAP, Kazal, immunoglobulin, Kunitz and NTR domain-containing protein;protein AMBP	Signal peptide	1	24
cluster_44	speciation	speciation	OG0009575	Yes	No	2.56925948674695	0.0159638422955823	Amblyomma-americanum	Amblyomma-americanum_evm.model.contig-122814-1.1	88	NA	K13285	invasin B	Signal peptide	1	23
cluster_44	speciation	speciation	OG0009575	Yes	No	2.56925948674695	0.0159638422955823	Amblyomma-americanum	Amblyomma-americanum_evm.model.contig-30784-1.2	486	NA	K22018;K05038;K08622;K09534;K22017	mucin-3/12/17;solute carrier family 6 (neurotransmitter transporter, glycine) member 5/9;a disintegrin and metalloproteinase with thrombospondin motifs 7 [EC:3.4.24.-];DnaJ homolog subfamily C member 14;mucin-4	Signal peptide	1	26
cluster_44	speciation	speciation	OG0009575	Yes	No	2.56925948674695	0.0159638422955823	Dermacentor-variabilis	Dermacentor-variabilis_GGQS01039764.1.p1	118	NA	K23382	Simplexvirus envelope glycoprotein G	Chain	1	118
cluster_44	speciation	speciation	OG0009575	Yes	No	2.56925948674695	0.0159638422955823	Haemaphysalis-longicornis	Haemaphysalis-longicornis_KAH9360716.1	332	NA	K04920	potassium channel subfamily K member 10	Signal peptide	1	28
cluster_44	speciation	speciation	OG0009575	Yes	No	2.56925948674695	0.0159638422955823	Ixodes-persulcatus	Ixodes-persulcatus_KAG0419286.1	165	NA	K15496	molybdate/tungstate transport system permease protein	Signal peptide	1	18
cluster_44	speciation	speciation	OG0009575	Yes	No	2.56925948674695	0.0159638422955823	Ixodes-persulcatus	Ixodes-persulcatus_KAG0429368.1	141	NA	NA	NA	Signal peptide	1	18
cluster_44	speciation	speciation	OG0009575	Yes	No	2.56925948674695	0.0159638422955823	Ixodes-persulcatus	Ixodes-persulcatus_KAG0429373.1	401	-	NA	NA	Signal peptide	1	19
cluster_44	speciation	speciation	OG0009575	Yes	No	2.56925948674695	0.0159638422955823	Ixodes-scapularis	Ixodes-scapularis_tr|B7P643|B7P643-IXOSC	94	NA	NA	NA	Chain	1	94
cluster_44	speciation	speciation	OG0009575	Yes	No	2.56925948674695	0.0159638422955823	Ixodes-scapularis	Ixodes-scapularis_tr|B7P8J1|B7P8J1-IXOSC	167	NA	NA	NA	Signal peptide	1	18
cluster_44	speciation	speciation	OG0009575	Yes	No	2.56925948674695	0.0159638422955823	Ixodes-scapularis	Ixodes-scapularis_tr|B7PU83|B7PU83-IXOSC	97	NA	NA	NA	Signal peptide	1	19
cluster_44	speciation	speciation	OG0009575	Yes	No	2.56925948674695	0.0159638422955823	Ixodes-scapularis	Ixodes-scapularis_tr|B7QMG5|B7QMG5-IXOSC	106	NA	NA	NA	Signal peptide	1	25
cluster_44	speciation	speciation	OG0009575	Yes	No	2.56925948674695	0.0159638422955823	Rhipicephalus-sanguineus	Rhipicephalus-sanguineus_XP-037514736.1	137	NA	NA	NA	Chain	1	137
cluster_44	speciation	speciation	OG0009575	Yes	No	2.56925948674695	0.0159638422955823	Tropilaelaps-mercedesae	Tropilaelaps-mercedesae_tr|A0A1V9Y0T1|A0A1V9Y0T1-9ACAR	77	NA	NA	NA	Signal peptide	1	18
cluster_46	speciation	speciation	OG0000747	Yes	No	0.340964561024791	0.0170230206847723	Amblyomma-americanum	Amblyomma-americanum_evm.model.contig-10539-1.1	139	NA	NA	NA	Chain	1	139
cluster_46	speciation	speciation	OG0000747	Yes	No	0.340964561024791	0.0170230206847723	Amblyomma-americanum	Amblyomma-americanum_evm.model.contig-155855-1.1	231	NA	NA	NA	Chain	1	231
cluster_46	speciation	speciation	OG0000747	Yes	No	0.340964561024791	0.0170230206847723	Amblyomma-americanum	Amblyomma-americanum_evm.model.contig-155855-1.2	260	NA	NA	NA	Chain	1	260
cluster_46	speciation	speciation	OG0000747	Yes	No	0.340964561024791	0.0170230206847723	Amblyomma-americanum	Amblyomma-americanum_evm.model.contig-155855-1.3	228	NA	NA	NA	Chain	1	228
cluster_46	speciation	speciation	OG0000747	Yes	No	0.340964561024791	0.0170230206847723	Amblyomma-americanum	Amblyomma-americanum_evm.model.contig-155859-1.2	319	NA	NA	NA	Chain	1	319
cluster_46	speciation	speciation	OG0000747	Yes	No	0.340964561024791	0.0170230206847723	Amblyomma-americanum	Amblyomma-americanum_evm.model.contig-160846-1.2	206	NA	NA	NA	Signal peptide	1	22
cluster_46	speciation	speciation	OG0000747	Yes	No	0.340964561024791	0.0170230206847723	Amblyomma-americanum	Amblyomma-americanum_evm.model.contig-160848-1.1	294	NA	NA	NA	Chain	1	294
cluster_46	speciation	speciation	OG0000747	Yes	No	0.340964561024791	0.0170230206847723	Amblyomma-americanum	Amblyomma-americanum_evm.model.contig-176249-1.5	218	NA	NA	NA	Chain	1	218
cluster_46	speciation	speciation	OG0000747	Yes	No	0.340964561024791	0.0170230206847723	Amblyomma-americanum	Amblyomma-americanum_evm.model.contig-248966-1.1	216	NA	NA	NA	Signal peptide	1	19
cluster_46	speciation	speciation	OG0000747	Yes	No	0.340964561024791	0.0170230206847723	Amblyomma-americanum	Amblyomma-americanum_evm.model.contig-26104-1.1	246	NA	NA	NA	Chain	1	246
cluster_46	speciation	speciation	OG0000747	Yes	No	0.340964561024791	0.0170230206847723	Amblyomma-americanum	Amblyomma-americanum_evm.model.contig-26104-1.2	312	NA	NA	NA	Chain	1	312
cluster_46	speciation	speciation	OG0000747	Yes	No	0.340964561024791	0.0170230206847723	Amblyomma-americanum	Amblyomma-americanum_evm.model.contig-26104-1.3	223	NA	NA	NA	Chain	1	223
cluster_46	speciation	speciation	OG0000747	Yes	No	0.340964561024791	0.0170230206847723	Amblyomma-americanum	Amblyomma-americanum_evm.model.contig-26104-1.4	239	NA	NA	NA	Chain	1	239
cluster_46	speciation	speciation	OG0000747	Yes	No	0.340964561024791	0.0170230206847723	Amblyomma-americanum	Amblyomma-americanum_evm.model.contig-26104-1.5	224	NA	NA	NA	Chain	1	224
cluster_46	speciation	speciation	OG0000747	Yes	No	0.340964561024791	0.0170230206847723	Amblyomma-americanum	Amblyomma-americanum_evm.model.contig-26104-1.6	195	NA	NA	NA	Chain	1	195
cluster_46	speciation	speciation	OG0000747	Yes	No	0.340964561024791	0.0170230206847723	Amblyomma-americanum	Amblyomma-americanum_evm.model.contig-26104-1.7	451	NA	K21746;K09880	AraC family transcriptional regulator, reactive chlorine species (RCS)-specific activator of rcl operon;enolase-phosphatase E1 [EC:3.1.3.77]	Chain	1	451
cluster_46	speciation	speciation	OG0000747	Yes	No	0.340964561024791	0.0170230206847723	Amblyomma-americanum	Amblyomma-americanum_evm.model.contig-30685-1.3	232	NA	NA	NA	Chain	1	232
cluster_46	speciation	speciation	OG0000747	Yes	No	0.340964561024791	0.0170230206847723	Amblyomma-americanum	Amblyomma-americanum_evm.model.contig-93310-1.1	104	NA	NA	NA	Chain	1	104
cluster_46	speciation	speciation	OG0000747	Yes	No	0.340964561024791	0.0170230206847723	Amblyomma-sculptum	Amblyomma-sculptum_GEEX01003528.1.p1	107	NA	NA	NA	Chain	1	107
cluster_46	speciation	speciation	OG0000747	Yes	No	0.340964561024791	0.0170230206847723	Amblyomma-sculptum	Amblyomma-sculptum_GEEX01008754.1.p1	193	NA	NA	NA	Chain	1	193
cluster_46	speciation	speciation	OG0000747	Yes	No	0.340964561024791	0.0170230206847723	Amblyomma-sculptum	Amblyomma-sculptum_GEEX01010761.1.p1	196	NA	NA	NA	Chain	1	196
cluster_46	speciation	speciation	OG0000747	Yes	No	0.340964561024791	0.0170230206847723	Amblyomma-sculptum	Amblyomma-sculptum_GEEX01013646.1.p1	204	NA	NA	NA	Signal peptide	1	22
cluster_46	speciation	speciation	OG0000747	Yes	No	0.340964561024791	0.0170230206847723	Dermacentor-andersoni	Dermacentor-andersoni_XP-050037346.1	211	NA	NA	NA	Signal peptide	1	21
cluster_46	speciation	speciation	OG0000747	Yes	No	0.340964561024791	0.0170230206847723	Dermacentor-andersoni	Dermacentor-andersoni_XP-050037347.1	211	NA	NA	NA	Signal peptide	1	19
cluster_46	speciation	speciation	OG0000747	Yes	No	0.340964561024791	0.0170230206847723	Dermacentor-andersoni	Dermacentor-andersoni_XP-050037354.1	207	NA	NA	NA	Signal peptide	1	20
cluster_46	speciation	speciation	OG0000747	Yes	No	0.340964561024791	0.0170230206847723	Dermacentor-andersoni	Dermacentor-andersoni_XP-050037356.1	207	NA	NA	NA	Signal peptide	1	20
cluster_46	speciation	speciation	OG0000747	Yes	No	0.340964561024791	0.0170230206847723	Dermacentor-andersoni	Dermacentor-andersoni_XP-050037368.2	205	NA	NA	NA	Signal peptide	1	19
cluster_46	speciation	speciation	OG0000747	Yes	No	0.340964561024791	0.0170230206847723	Dermacentor-andersoni	Dermacentor-andersoni_XP-050037369.1	206	NA	NA	NA	Signal peptide	1	19
cluster_46	speciation	speciation	OG0000747	Yes	No	0.340964561024791	0.0170230206847723	Dermacentor-andersoni	Dermacentor-andersoni_XP-050037371.1	206	NA	NA	NA	Signal peptide	1	18
cluster_46	speciation	speciation	OG0000747	Yes	No	0.340964561024791	0.0170230206847723	Dermacentor-andersoni	Dermacentor-andersoni_XP-050037372.1	210	NA	NA	NA	Signal peptide	1	19
cluster_46	speciation	speciation	OG0000747	Yes	No	0.340964561024791	0.0170230206847723	Dermacentor-andersoni	Dermacentor-andersoni_XP-050037378.1	215	NA	NA	NA	Signal peptide	1	23
cluster_46	speciation	speciation	OG0000747	Yes	No	0.340964561024791	0.0170230206847723	Dermacentor-andersoni	Dermacentor-andersoni_XP-050037379.1	239	NA	NA	NA	Chain	1	239
cluster_46	speciation	speciation	OG0000747	Yes	No	0.340964561024791	0.0170230206847723	Dermacentor-andersoni	Dermacentor-andersoni_XP-050038092.2	239	NA	NA	NA	Chain	1	239
cluster_46	speciation	speciation	OG0000747	Yes	No	0.340964561024791	0.0170230206847723	Dermacentor-andersoni	Dermacentor-andersoni_XP-050038093.1	224	NA	NA	NA	Signal peptide	1	19
cluster_46	speciation	speciation	OG0000747	Yes	No	0.340964561024791	0.0170230206847723	Dermacentor-andersoni	Dermacentor-andersoni_XP-054928068.1	211	NA	NA	NA	Signal peptide	1	21
cluster_46	speciation	speciation	OG0000747	Yes	No	0.340964561024791	0.0170230206847723	Dermacentor-andersoni	Dermacentor-andersoni_XP-054928069.1	116	NA	NA	NA	Signal peptide	1	20
cluster_46	speciation	speciation	OG0000747	Yes	No	0.340964561024791	0.0170230206847723	Dermacentor-andersoni	Dermacentor-andersoni_XP-054928070.1	206	NA	NA	NA	Signal peptide	1	19
cluster_46	speciation	speciation	OG0000747	Yes	No	0.340964561024791	0.0170230206847723	Dermacentor-andersoni	Dermacentor-andersoni_XP-054928071.1	206	NA	NA	NA	Signal peptide	1	19
cluster_46	speciation	speciation	OG0000747	Yes	No	0.340964561024791	0.0170230206847723	Dermacentor-andersoni	Dermacentor-andersoni_XP-054928703.1	233	NA	K15060	5,5'-dehydrodivanillate O-demethylase oxygenase subunit [EC:1.14.13.-]	Signal peptide	1	20
cluster_46	speciation	speciation	OG0000747	Yes	No	0.340964561024791	0.0170230206847723	Dermacentor-silvarum	Dermacentor-silvarum_XP-037575901.1	226	NA	NA	NA	Signal peptide	1	34
cluster_46	speciation	speciation	OG0000747	Yes	No	0.340964561024791	0.0170230206847723	Dermacentor-silvarum	Dermacentor-silvarum_XP-037575913.1	206	NA	NA	NA	Signal peptide	1	19
cluster_46	speciation	speciation	OG0000747	Yes	No	0.340964561024791	0.0170230206847723	Dermacentor-silvarum	Dermacentor-silvarum_XP-037575927.1	210	NA	NA	NA	Chain	1	210
cluster_46	speciation	speciation	OG0000747	Yes	No	0.340964561024791	0.0170230206847723	Dermacentor-silvarum	Dermacentor-silvarum_XP-037575928.1	207	NA	NA	NA	Signal peptide	1	20
cluster_46	speciation	speciation	OG0000747	Yes	No	0.340964561024791	0.0170230206847723	Dermacentor-silvarum	Dermacentor-silvarum_XP-037576723.2	223	NA	NA	NA	Signal peptide	1	25
cluster_46	speciation	speciation	OG0000747	Yes	No	0.340964561024791	0.0170230206847723	Dermacentor-silvarum	Dermacentor-silvarum_XP-037577195.1	207	NA	NA	NA	Signal peptide	1	19
cluster_46	speciation	speciation	OG0000747	Yes	No	0.340964561024791	0.0170230206847723	Dermacentor-silvarum	Dermacentor-silvarum_XP-037577197.1	206	NA	NA	NA	Signal peptide	1	19
cluster_46	speciation	speciation	OG0000747	Yes	No	0.340964561024791	0.0170230206847723	Dermacentor-silvarum	Dermacentor-silvarum_XP-037577199.1	185	NA	NA	NA	Chain	1	185
cluster_46	speciation	speciation	OG0000747	Yes	No	0.340964561024791	0.0170230206847723	Dermacentor-silvarum	Dermacentor-silvarum_XP-037577200.2	242	NA	NA	NA	Signal peptide	1	23
cluster_46	speciation	speciation	OG0000747	Yes	No	0.340964561024791	0.0170230206847723	Dermacentor-silvarum	Dermacentor-silvarum_XP-037577201.1	205	NA	NA	NA	Signal peptide	1	18
cluster_46	speciation	speciation	OG0000747	Yes	No	0.340964561024791	0.0170230206847723	Dermacentor-silvarum	Dermacentor-silvarum_XP-049526758.1	207	NA	K24566	8,8a-deoxyoleandolide synthase 3	Signal peptide	1	19
cluster_46	speciation	speciation	OG0000747	Yes	No	0.340964561024791	0.0170230206847723	Dermacentor-silvarum	Dermacentor-silvarum_XP-049526769.1	224	NA	NA	NA	Signal peptide	1	20
cluster_46	speciation	speciation	OG0000747	Yes	No	0.340964561024791	0.0170230206847723	Dermacentor-silvarum	Dermacentor-silvarum_XP-049526772.1	213	NA	NA	NA	Signal peptide	1	19
cluster_46	speciation	speciation	OG0000747	Yes	No	0.340964561024791	0.0170230206847723	Dermacentor-silvarum	Dermacentor-silvarum_XP-049526775.1	211	NA	NA	NA	Signal peptide	1	19
cluster_46	speciation	speciation	OG0000747	Yes	No	0.340964561024791	0.0170230206847723	Dermacentor-silvarum	Dermacentor-silvarum_XP-049526776.1	212	NA	NA	NA	Signal peptide	1	25
cluster_46	speciation	speciation	OG0000747	Yes	No	0.340964561024791	0.0170230206847723	Dermacentor-variabilis	Dermacentor-variabilis_GGQS01002886.1.p1	143	NA	NA	NA	Chain	1	143
cluster_46	speciation	speciation	OG0000747	Yes	No	0.340964561024791	0.0170230206847723	Dermacentor-variabilis	Dermacentor-variabilis_GGQS01005881.1.p1	153	NA	NA	NA	Chain	1	153
cluster_46	speciation	speciation	OG0000747	Yes	No	0.340964561024791	0.0170230206847723	Dermacentor-variabilis	Dermacentor-variabilis_GGQS01007953.1.p1	111	NA	NA	NA	Chain	1	111
cluster_46	speciation	speciation	OG0000747	Yes	No	0.340964561024791	0.0170230206847723	Dermacentor-variabilis	Dermacentor-variabilis_GGQS01018384.1.p1	133	NA	NA	NA	Chain	1	133
cluster_46	speciation	speciation	OG0000747	Yes	No	0.340964561024791	0.0170230206847723	Dermacentor-variabilis	Dermacentor-variabilis_GGQS01018751.1.p1	113	NA	NA	NA	Chain	1	113
cluster_46	speciation	speciation	OG0000747	Yes	No	0.340964561024791	0.0170230206847723	Dermacentor-variabilis	Dermacentor-variabilis_GGQS01019797.1.p1	156	NA	NA	NA	Chain	1	156
cluster_46	speciation	speciation	OG0000747	Yes	No	0.340964561024791	0.0170230206847723	Dermacentor-variabilis	Dermacentor-variabilis_GGQS01021343.1.p1	185	NA	NA	NA	Chain	1	185
cluster_46	speciation	speciation	OG0000747	Yes	No	0.340964561024791	0.0170230206847723	Dermacentor-variabilis	Dermacentor-variabilis_GGQS01024557.1.p1	228	NA	NA	NA	Chain	1	228
cluster_46	speciation	speciation	OG0000747	Yes	No	0.340964561024791	0.0170230206847723	Haemaphysalis-longicornis	Haemaphysalis-longicornis_KAH9374763.1	181	NA	NA	NA	Chain	1	181
cluster_46	speciation	speciation	OG0000747	Yes	No	0.340964561024791	0.0170230206847723	Haemaphysalis-longicornis	Haemaphysalis-longicornis_KAH9374764.1	210	NA	NA	NA	Chain	1	210
cluster_46	speciation	speciation	OG0000747	Yes	No	0.340964561024791	0.0170230206847723	Haemaphysalis-longicornis	Haemaphysalis-longicornis_KAH9379384.1	198	NA	NA	NA	Chain	1	198
cluster_46	speciation	speciation	OG0000747	Yes	No	0.340964561024791	0.0170230206847723	Haemaphysalis-longicornis	Haemaphysalis-longicornis_KAH9379385.1	195	NA	NA	NA	Chain	1	195
cluster_46	speciation	speciation	OG0000747	Yes	No	0.340964561024791	0.0170230206847723	Hyalomma-asiaticum	Hyalomma-asiaticum_KAH6919795.1	155	NA	NA	NA	Signal peptide	1	19
cluster_46	speciation	speciation	OG0000747	Yes	No	0.340964561024791	0.0170230206847723	Hyalomma-asiaticum	Hyalomma-asiaticum_KAH6919796.1	144	NA	NA	NA	Chain	1	144
cluster_46	speciation	speciation	OG0000747	Yes	No	0.340964561024791	0.0170230206847723	Hyalomma-asiaticum	Hyalomma-asiaticum_KAH6927117.1	272	NA	NA	NA	Signal peptide	1	16
cluster_46	speciation	speciation	OG0000747	Yes	No	0.340964561024791	0.0170230206847723	Hyalomma-asiaticum	Hyalomma-asiaticum_KAH6927119.1	211	NA	NA	NA	Signal peptide	1	21
cluster_46	speciation	speciation	OG0000747	Yes	No	0.340964561024791	0.0170230206847723	Hyalomma-asiaticum	Hyalomma-asiaticum_KAH6927120.1	243	NA	K09732	uncharacterized protein	Chain	1	243
cluster_46	speciation	speciation	OG0000747	Yes	No	0.340964561024791	0.0170230206847723	Hyalomma-asiaticum	Hyalomma-asiaticum_KAH6927121.1	174	NA	NA	NA	Chain	1	174
cluster_46	speciation	speciation	OG0000747	Yes	No	0.340964561024791	0.0170230206847723	Hyalomma-asiaticum	Hyalomma-asiaticum_KAH6927122.1	234	NA	NA	NA	Signal peptide	1	19
cluster_46	speciation	speciation	OG0000747	Yes	No	0.340964561024791	0.0170230206847723	Hyalomma-asiaticum	Hyalomma-asiaticum_KAH6927124.1	201	NA	NA	NA	Chain	1	201
cluster_46	speciation	speciation	OG0000747	Yes	No	0.340964561024791	0.0170230206847723	Hyalomma-asiaticum	Hyalomma-asiaticum_KAH6927125.1	206	NA	NA	NA	Signal peptide	1	18
cluster_46	speciation	speciation	OG0000747	Yes	No	0.340964561024791	0.0170230206847723	Hyalomma-asiaticum	Hyalomma-asiaticum_KAH6927126.1	206	NA	NA	NA	Signal peptide	1	19
cluster_46	speciation	speciation	OG0000747	Yes	No	0.340964561024791	0.0170230206847723	Hyalomma-asiaticum	Hyalomma-asiaticum_KAH6927127.1	245	NA	NA	NA	Signal peptide	1	15
cluster_46	speciation	speciation	OG0000747	Yes	No	0.340964561024791	0.0170230206847723	Hyalomma-asiaticum	Hyalomma-asiaticum_KAH6927128.1	210	NA	NA	NA	Signal peptide	1	19
cluster_46	speciation	speciation	OG0000747	Yes	No	0.340964561024791	0.0170230206847723	Rhipicephalus-microplus	Rhipicephalus-microplus_XP-037274801.1	207	NA	NA	NA	Signal peptide	1	20
cluster_46	speciation	speciation	OG0000747	Yes	No	0.340964561024791	0.0170230206847723	Rhipicephalus-microplus	Rhipicephalus-microplus_XP-037274802.1	104	NA	NA	NA	Signal peptide	1	20
cluster_46	speciation	speciation	OG0000747	Yes	No	0.340964561024791	0.0170230206847723	Rhipicephalus-microplus	Rhipicephalus-microplus_XP-037274803.1	220	NA	NA	NA	Signal peptide	1	18
cluster_46	speciation	speciation	OG0000747	Yes	No	0.340964561024791	0.0170230206847723	Rhipicephalus-microplus	Rhipicephalus-microplus_XP-037274804.1	211	NA	NA	NA	Signal peptide	1	19
cluster_46	speciation	speciation	OG0000747	Yes	No	0.340964561024791	0.0170230206847723	Rhipicephalus-microplus	Rhipicephalus-microplus_XP-037274805.1	206	NA	NA	NA	Signal peptide	1	18
cluster_46	speciation	speciation	OG0000747	Yes	No	0.340964561024791	0.0170230206847723	Rhipicephalus-microplus	Rhipicephalus-microplus_XP-037275386.1	176	NA	NA	NA	Chain	1	176
cluster_46	speciation	speciation	OG0000747	Yes	No	0.340964561024791	0.0170230206847723	Rhipicephalus-microplus	Rhipicephalus-microplus_XP-037275389.1	209	NA	NA	NA	Signal peptide	1	21
cluster_46	speciation	speciation	OG0000747	Yes	No	0.340964561024791	0.0170230206847723	Rhipicephalus-microplus	Rhipicephalus-microplus_XP-037275390.1	205	NA	NA	NA	Signal peptide	1	19
cluster_46	speciation	speciation	OG0000747	Yes	No	0.340964561024791	0.0170230206847723	Rhipicephalus-microplus	Rhipicephalus-microplus_XP-037275391.1	187	NA	NA	NA	Chain	1	187
cluster_46	speciation	speciation	OG0000747	Yes	No	0.340964561024791	0.0170230206847723	Rhipicephalus-microplus	Rhipicephalus-microplus_XP-037289145.1	184	NA	K17464	D-glucosaminate PTS system EIIA component [EC:2.7.1.203]	Signal peptide	1	20
cluster_46	speciation	speciation	OG0000747	Yes	No	0.340964561024791	0.0170230206847723	Rhipicephalus-microplus	Rhipicephalus-microplus_XP-037290075.1	175	NA	NA	NA	Chain	1	175
cluster_46	speciation	speciation	OG0000747	Yes	No	0.340964561024791	0.0170230206847723	Rhipicephalus-sanguineus	Rhipicephalus-sanguineus_XP-037499212.1	209	NA	NA	NA	Signal peptide	1	21
cluster_46	speciation	speciation	OG0000747	Yes	No	0.340964561024791	0.0170230206847723	Rhipicephalus-sanguineus	Rhipicephalus-sanguineus_XP-037499220.1	206	NA	NA	NA	Signal peptide	1	19
cluster_46	speciation	speciation	OG0000747	Yes	No	0.340964561024791	0.0170230206847723	Rhipicephalus-sanguineus	Rhipicephalus-sanguineus_XP-037499440.1	208	NA	NA	NA	Signal peptide	1	20
cluster_46	speciation	speciation	OG0000747	Yes	No	0.340964561024791	0.0170230206847723	Rhipicephalus-sanguineus	Rhipicephalus-sanguineus_XP-037499761.1	213	NA	NA	NA	Signal peptide	1	19
cluster_46	speciation	speciation	OG0000747	Yes	No	0.340964561024791	0.0170230206847723	Rhipicephalus-sanguineus	Rhipicephalus-sanguineus_XP-037499765.1	211	NA	NA	NA	Signal peptide	1	24
cluster_46	speciation	speciation	OG0000747	Yes	No	0.340964561024791	0.0170230206847723	Rhipicephalus-sanguineus	Rhipicephalus-sanguineus_XP-037499863.1	206	NA	NA	NA	Signal peptide	1	19
cluster_46	speciation	speciation	OG0000747	Yes	No	0.340964561024791	0.0170230206847723	Rhipicephalus-sanguineus	Rhipicephalus-sanguineus_XP-037499879.1	222	NA	NA	NA	Signal peptide	1	19
cluster_46	speciation	speciation	OG0000747	Yes	No	0.340964561024791	0.0170230206847723	Rhipicephalus-sanguineus	Rhipicephalus-sanguineus_XP-037499951.1	216	NA	NA	NA	Signal peptide	1	19
cluster_46	speciation	speciation	OG0000747	Yes	No	0.340964561024791	0.0170230206847723	Rhipicephalus-sanguineus	Rhipicephalus-sanguineus_XP-037499999.1	221	NA	K01761;K26365	methionine-gamma-lyase [EC:4.4.1.11];canavanine-gamma-lyase [EC:4.4.1.43]	Signal peptide	1	17
cluster_46	speciation	speciation	OG0000747	Yes	No	0.340964561024791	0.0170230206847723	Rhipicephalus-sanguineus	Rhipicephalus-sanguineus_XP-037501682.1	205	NA	NA	NA	Signal peptide	1	18
cluster_46	speciation	speciation	OG0000747	Yes	No	0.340964561024791	0.0170230206847723	Rhipicephalus-sanguineus	Rhipicephalus-sanguineus_XP-037501724.1	206	NA	NA	NA	Signal peptide	1	19
cluster_46	speciation	speciation	OG0000747	Yes	No	0.340964561024791	0.0170230206847723	Rhipicephalus-sanguineus	Rhipicephalus-sanguineus_XP-037501737.1	209	NA	NA	NA	Signal peptide	1	21
cluster_46	speciation	speciation	OG0000747	Yes	No	0.340964561024791	0.0170230206847723	Rhipicephalus-sanguineus	Rhipicephalus-sanguineus_XP-049276260.1	206	NA	NA	NA	Signal peptide	1	18
cluster_46	speciation	speciation	OG0001970	Yes	No	0.640307566486729	0.0123768263885747	Amblyomma-americanum	Amblyomma-americanum_evm.model.contig-116641-1.9	167	Serum amyloid A protein	K17310;K18184	serum amyloid A protein;cytochrome c oxidase assembly protein subunit 20	Chain	1	167
cluster_46	speciation	speciation	OG0001970	Yes	No	0.640307566486729	0.0123768263885747	Amblyomma-americanum	Amblyomma-americanum_evm.model.contig-63684-1.2	182	Serum amyloid A protein	K17310;K01523;K04365	serum amyloid A protein;phosphoribosyl-ATP pyrophosphohydrolase [EC:3.6.1.31];B-Raf proto-oncogene serine/threonine-protein kinase [EC:2.7.11.1]	Chain	1	182
cluster_46	speciation	speciation	OG0001970	Yes	No	0.640307566486729	0.0123768263885747	Amblyomma-americanum	Amblyomma-americanum_evm.model.contig-97851-1.2	158	NA	K17310;K07362;K16303	serum amyloid A protein;linker for activation of T cells family member 1;p-cumate 2,3-dioxygenase subunit beta [EC:1.14.12.25]	Signal peptide	1	23
cluster_46	speciation	speciation	OG0001970	Yes	No	0.640307566486729	0.0123768263885747	Amblyomma-sculptum	Amblyomma-sculptum_GEEX01007986.1.p1	158	NA	K17310;K07362	serum amyloid A protein;linker for activation of T cells family member 1	Signal peptide	1	27
cluster_46	speciation	speciation	OG0001970	Yes	No	0.640307566486729	0.0123768263885747	Amblyomma-sculptum	Amblyomma-sculptum_GEEX01009662.1.p1	166	Serum amyloid A protein	K17310	serum amyloid A protein	Chain	1	166
cluster_46	speciation	speciation	OG0001970	Yes	No	0.640307566486729	0.0123768263885747	Dermacentor-andersoni	Dermacentor-andersoni_XP-050022801.1	150	Serum amyloid A protein	K17310;K24286	serum amyloid A protein;proteoglycan 4	Signal peptide	1	22
cluster_46	speciation	speciation	OG0001970	Yes	No	0.640307566486729	0.0123768263885747	Dermacentor-andersoni	Dermacentor-andersoni_XP-050026362.1	170	NA	K17310	serum amyloid A protein	Chain	1	170
cluster_46	speciation	speciation	OG0001970	Yes	No	0.640307566486729	0.0123768263885747	Dermacentor-andersoni	Dermacentor-andersoni_XP-050027375.1	158	NA	K17310	serum amyloid A protein	Chain	1	158
cluster_46	speciation	speciation	OG0001970	Yes	No	0.640307566486729	0.0123768263885747	Dermacentor-andersoni	Dermacentor-andersoni_XP-050039906.1	160	Serum amyloid A protein	K17310;K15171;K04365	serum amyloid A protein;transcription elongation factor SPT4;B-Raf proto-oncogene serine/threonine-protein kinase [EC:2.7.11.1]	Signal peptide	1	21
cluster_46	speciation	speciation	OG0001970	Yes	No	0.640307566486729	0.0123768263885747	Dermacentor-silvarum	Dermacentor-silvarum_XP-037560325.1	151	NA	K17310;K24286	serum amyloid A protein;proteoglycan 4	Signal peptide	1	22
cluster_46	speciation	speciation	OG0001970	Yes	No	0.640307566486729	0.0123768263885747	Dermacentor-silvarum	Dermacentor-silvarum_XP-037567730.1	160	Serum amyloid A protein	K17310;K15171;K04365	serum amyloid A protein;transcription elongation factor SPT4;B-Raf proto-oncogene serine/threonine-protein kinase [EC:2.7.11.1]	Signal peptide	1	21
cluster_46	speciation	speciation	OG0001970	Yes	No	0.640307566486729	0.0123768263885747	Dermacentor-silvarum	Dermacentor-silvarum_XP-037577532.1	169	NA	K17310	serum amyloid A protein	Chain	1	169
cluster_46	speciation	speciation	OG0001970	Yes	No	0.640307566486729	0.0123768263885747	Dermacentor-silvarum	Dermacentor-silvarum_XP-037578702.1	158	Serum amyloid A protein	K17310	serum amyloid A protein	Chain	1	158
cluster_46	speciation	speciation	OG0001970	Yes	No	0.640307566486729	0.0123768263885747	Dermacentor-silvarum	Dermacentor-silvarum_XP-049528617.1	175	Serum amyloid A protein	K17310	serum amyloid A protein	Chain	1	175
cluster_46	speciation	speciation	OG0001970	Yes	No	0.640307566486729	0.0123768263885747	Dermacentor-variabilis	Dermacentor-variabilis_GGQS01023285.1.p1	170	NA	K17310	serum amyloid A protein	Chain	1	170
cluster_46	speciation	speciation	OG0001970	Yes	No	0.640307566486729	0.0123768263885747	Dermacentor-variabilis	Dermacentor-variabilis_GGQS01037418.1.p1	208	NA	K17310;K24286	serum amyloid A protein;proteoglycan 4	Chain	1	208
cluster_46	speciation	speciation	OG0001970	Yes	No	0.640307566486729	0.0123768263885747	Dermanyssus-gallinae	Dermanyssus-gallinae_GIFZ01009498.1.p1	444	Serum amyloid A protein	K17310	serum amyloid A protein	Signal peptide	1	21
cluster_46	speciation	speciation	OG0001970	Yes	No	0.640307566486729	0.0123768263885747	Dinothrombium-tinctorium	Dinothrombium-tinctorium_tr|A0A443QXN7|A0A443QXN7-9ACAR	174	Serum amyloid A protein	K17310	serum amyloid A protein	Signal peptide	1	24
cluster_46	speciation	speciation	OG0001970	Yes	No	0.640307566486729	0.0123768263885747	Galendromus-occidentalis	Galendromus-occidentalis_XP-018496565.1	391	Serum amyloid A protein	NA	NA	Signal peptide	1	18
cluster_46	speciation	speciation	OG0001970	Yes	No	0.640307566486729	0.0123768263885747	Haemaphysalis-longicornis	Haemaphysalis-longicornis_KAH9363918.1	150	Serum amyloid A protein	K17310;K24260	serum amyloid A protein;WD repeat-containing protein 11	Signal peptide	1	21
cluster_46	speciation	speciation	OG0001970	Yes	No	0.640307566486729	0.0123768263885747	Haemaphysalis-longicornis	Haemaphysalis-longicornis_KAH9365205.1	108	Serum amyloid A protein	K17310	serum amyloid A protein	Chain	1	108
cluster_46	speciation	speciation	OG0001970	Yes	No	0.640307566486729	0.0123768263885747	Haemaphysalis-longicornis	Haemaphysalis-longicornis_KAH9373783.1	173	Serum amyloid A protein	K17310;K04365	serum amyloid A protein;B-Raf proto-oncogene serine/threonine-protein kinase [EC:2.7.11.1]	Signal peptide	1	21
cluster_46	speciation	speciation	OG0001970	Yes	No	0.640307566486729	0.0123768263885747	Haemaphysalis-longicornis	Haemaphysalis-longicornis_KAH9381355.1	107	NA	K17310;K18465	serum amyloid A protein;WASH complex subunit 7	Chain	1	107
cluster_46	speciation	speciation	OG0001970	Yes	No	0.640307566486729	0.0123768263885747	Haemaphysalis-longicornis	Haemaphysalis-longicornis_KAH9381356.1	105	NA	K17310	serum amyloid A protein	Chain	1	105
cluster_46	speciation	speciation	OG0001970	Yes	No	0.640307566486729	0.0123768263885747	Haemaphysalis-longicornis	Haemaphysalis-longicornis_KAH9382904.1	110	Serum amyloid A protein	K17310	serum amyloid A protein	Chain	1	110
cluster_46	speciation	speciation	OG0001970	Yes	No	0.640307566486729	0.0123768263885747	Hyalomma-asiaticum	Hyalomma-asiaticum_KAH6920246.1	106	Serum amyloid A protein	K17310	serum amyloid A protein	Chain	1	106
cluster_46	speciation	speciation	OG0001970	Yes	No	0.640307566486729	0.0123768263885747	Hyalomma-asiaticum	Hyalomma-asiaticum_KAH6928510.1	217	Serum amyloid A protein	K17310	serum amyloid A protein	Chain	1	217
cluster_46	speciation	speciation	OG0001970	Yes	No	0.640307566486729	0.0123768263885747	Hyalomma-asiaticum	Hyalomma-asiaticum_KAH6929415.1	108	Serum amyloid A protein	K17310;K15099;K15703	serum amyloid A protein;geraniol 8-hydroxylase [EC:1.14.14.83];E3 ubiquitin-protein ligase RNF139 [EC:2.3.2.27]	Chain	1	108
cluster_46	speciation	speciation	OG0001970	Yes	No	0.640307566486729	0.0123768263885747	Hyalomma-asiaticum	Hyalomma-asiaticum_KAH6935420.1	160	Serum amyloid A protein	K17310;K15171;K04365	serum amyloid A protein;transcription elongation factor SPT4;B-Raf proto-oncogene serine/threonine-protein kinase [EC:2.7.11.1]	Signal peptide	1	21
cluster_46	speciation	speciation	OG0001970	Yes	No	0.640307566486729	0.0123768263885747	Hyalomma-asiaticum	Hyalomma-asiaticum_KAH6946320.1	118	NA	K17310;K24286	serum amyloid A protein;proteoglycan 4	Chain	1	118
cluster_46	speciation	speciation	OG0001970	Yes	No	0.640307566486729	0.0123768263885747	Ixodes-persulcatus	Ixodes-persulcatus_KAG0415252.1	91	Serum amyloid A protein	K17310	serum amyloid A protein	Chain	1	91
cluster_46	speciation	speciation	OG0001970	Yes	No	0.640307566486729	0.0123768263885747	Ixodes-persulcatus	Ixodes-persulcatus_KAG0424607.1	153	Serum amyloid A protein	K17310;K15171	serum amyloid A protein;transcription elongation factor SPT4	Signal peptide	1	21
cluster_46	speciation	speciation	OG0001970	Yes	No	0.640307566486729	0.0123768263885747	Ixodes-ricinus	Ixodes-ricinus_GIDG01052300.1.p2	187	NA	K17310;K21955	serum amyloid A protein;DNA damage-regulated autophagy modulator protein 1	Chain	1	187
cluster_46	speciation	speciation	OG0001970	Yes	No	0.640307566486729	0.0123768263885747	Ixodes-scapularis	Ixodes-scapularis_tr|B7P5F3|B7P5F3-IXOSC	155	Serum amyloid A protein	K17310;K02768	serum amyloid A protein;fructose PTS system EIIA component [EC:2.7.1.202]	Signal peptide	1	21
cluster_46	speciation	speciation	OG0001970	Yes	No	0.640307566486729	0.0123768263885747	Ixodes-scapularis	Ixodes-scapularis_tr|B7QNJ4|B7QNJ4-IXOSC	153	Serum amyloid A protein	K17310	serum amyloid A protein	Signal peptide	1	21
cluster_46	speciation	speciation	OG0001970	Yes	No	0.640307566486729	0.0123768263885747	Leptotrombidium-deliense	Leptotrombidium-deliense_tr|A0A443SQ79|A0A443SQ79-9ACAR	138	Serum amyloid A protein	K17310;K15171	serum amyloid A protein;transcription elongation factor SPT4	Chain	1	138
cluster_46	speciation	speciation	OG0001970	Yes	No	0.640307566486729	0.0123768263885747	Limulus-polyphemus	Limulus-polyphemus_XP-013783005.1	156	Serum amyloid A protein	K17310	serum amyloid A protein	Signal peptide	1	27
cluster_46	speciation	speciation	OG0001970	Yes	No	0.640307566486729	0.0123768263885747	Limulus-polyphemus	Limulus-polyphemus_XP-013783006.1	156	Serum amyloid A protein	K17310	serum amyloid A protein	Signal peptide	1	27
cluster_46	speciation	speciation	OG0001970	Yes	No	0.640307566486729	0.0123768263885747	Limulus-polyphemus	Limulus-polyphemus_XP-022251061.1	156	Serum amyloid A protein	K17310	serum amyloid A protein	Signal peptide	1	27
cluster_46	speciation	speciation	OG0001970	Yes	No	0.640307566486729	0.0123768263885747	Ornithodoros-erraticus	Ornithodoros-erraticus_GIXX02017600.1.p1	139	Serum amyloid A protein	K17310	serum amyloid A protein	Signal peptide	1	20
cluster_46	speciation	speciation	OG0001970	Yes	No	0.640307566486729	0.0123768263885747	Ornithodoros-turicata	Ornithodoros-turicata_GDIC01020953.1.p1	148	NA	K17310;K07723;K24838	serum amyloid A protein;CopG family transcriptional regulator / antitoxin EndoAI;IQ and ubiquitin-like domain-containing protein	Signal peptide	1	20
cluster_46	speciation	speciation	OG0001970	Yes	No	0.640307566486729	0.0123768263885747	Ornithodoros-turicata	Ornithodoros-turicata_GDIC01035912.1.p1	141	NA	K17310;K13515	serum amyloid A protein;lysophospholipid acyltransferase 5 [EC:2.3.1.23 2.3.1.-]	Signal peptide	1	26
cluster_46	speciation	speciation	OG0001970	Yes	No	0.640307566486729	0.0123768263885747	Rhipicephalus-microplus	Rhipicephalus-microplus_XP-037276341.1	159	Serum amyloid A protein	K17310	serum amyloid A protein	Signal peptide	1	21
cluster_46	speciation	speciation	OG0001970	Yes	No	0.640307566486729	0.0123768263885747	Rhipicephalus-microplus	Rhipicephalus-microplus_XP-037279077.1	153	Serum amyloid A protein	K17310;K15171	serum amyloid A protein;transcription elongation factor SPT4	Signal peptide	1	20
cluster_46	speciation	speciation	OG0001970	Yes	No	0.640307566486729	0.0123768263885747	Rhipicephalus-microplus	Rhipicephalus-microplus_XP-037280151.1	144	Serum amyloid A protein	K17310	serum amyloid A protein	Signal peptide	1	18
cluster_46	speciation	speciation	OG0001970	Yes	No	0.640307566486729	0.0123768263885747	Rhipicephalus-microplus	Rhipicephalus-microplus_XP-037282120.1	164	Serum amyloid A protein	K17310	serum amyloid A protein	Chain	1	164
cluster_46	speciation	speciation	OG0001970	Yes	No	0.640307566486729	0.0123768263885747	Rhipicephalus-microplus	Rhipicephalus-microplus_XP-037286842.1	146	Serum amyloid A protein	K17310;K24286	serum amyloid A protein;proteoglycan 4	Signal peptide	1	19
cluster_46	speciation	speciation	OG0001970	Yes	No	0.640307566486729	0.0123768263885747	Rhipicephalus-sanguineus	Rhipicephalus-sanguineus_XP-037503444.1	160	Serum amyloid A protein	K17310;K15171;K04365	serum amyloid A protein;transcription elongation factor SPT4;B-Raf proto-oncogene serine/threonine-protein kinase [EC:2.7.11.1]	Signal peptide	1	21
cluster_46	speciation	speciation	OG0001970	Yes	No	0.640307566486729	0.0123768263885747	Rhipicephalus-sanguineus	Rhipicephalus-sanguineus_XP-037515814.1	149	NA	K17310;K24286;K21100	serum amyloid A protein;proteoglycan 4;beta-defensin 4	Signal peptide	1	20
cluster_46	speciation	speciation	OG0001970	Yes	No	0.640307566486729	0.0123768263885747	Rhipicephalus-sanguineus	Rhipicephalus-sanguineus_XP-037519201.1	159	NA	K17310	serum amyloid A protein	Signal peptide	1	20
cluster_46	speciation	speciation	OG0001970	Yes	No	0.640307566486729	0.0123768263885747	Rhipicephalus-sanguineus	Rhipicephalus-sanguineus_XP-037519202.1	159	Serum amyloid A protein	K17310	serum amyloid A protein	Chain	1	159
cluster_46	speciation	speciation	OG0001970	Yes	No	0.640307566486729	0.0123768263885747	Rhipicephalus-sanguineus	Rhipicephalus-sanguineus_XP-037520310.1	164	Serum amyloid A protein	K17310	serum amyloid A protein	Chain	1	164
cluster_46	speciation	speciation	OG0001970	Yes	No	0.640307566486729	0.0123768263885747	Ricinoides-atewa	Ricinoides-atewa_comp81442-c0-seq1.p1	187	Serum amyloid A protein	K17310	serum amyloid A protein	Signal peptide	1	20
cluster_46	speciation	speciation	OG0001970	Yes	No	0.640307566486729	0.0123768263885747	Siro-boyerae	Siro-boyerae_comp26174-c0-seq1.p1	123	acute-phase response	K17310	serum amyloid A protein	Signal peptide	1	18
cluster_46	speciation	speciation	OG0001970	Yes	No	0.640307566486729	0.0123768263885747	Tetranychus-urticae	Tetranychus-urticae_tr|T1KHI0|T1KHI0-TETUR	170	Serum amyloid A protein	K17310	serum amyloid A protein	Signal peptide	1	21
cluster_46	speciation	speciation	OG0001970	Yes	No	0.640307566486729	0.0123768263885747	Tropilaelaps-mercedesae	Tropilaelaps-mercedesae_tr|A0A1V9XT26|A0A1V9XT26-9ACAR	348	Serum amyloid A protein	K17310	serum amyloid A protein	Signal peptide	1	21
cluster_46	speciation	speciation	OG0001970	Yes	No	0.640307566486729	0.0123768263885747	Varroa-destructor	Varroa-destructor_tr|A0A7M7KVC6|A0A7M7KVC6-VARDE	415	Serum amyloid A protein	K17310	serum amyloid A protein	Signal peptide	1	17
cluster_46	speciation	speciation	OG0001970	Yes	No	0.640307566486729	0.0123768263885747	Varroa-jacobsoni	Varroa-jacobsoni_XP-022694275.1	415	Serum amyloid A protein	K17310	serum amyloid A protein	Signal peptide	1	17
cluster_46	speciation	speciation	OG0001970	Yes	No	0.640307566486729	0.0123768263885747	Varroa-jacobsoni	Varroa-jacobsoni_XP-022694277.1	358	Serum amyloid A protein	K17310	serum amyloid A protein	Signal peptide	1	17
cluster_46	speciation	speciation	OG0008849	Yes	No	2.20620675241667	0.0232647187691549	Amblyomma-americanum	Amblyomma-americanum_evm.model.contig-241784-1.1	222	NA	NA	NA	Chain	1	222
cluster_46	speciation	speciation	OG0008849	Yes	No	2.20620675241667	0.0232647187691549	Amblyomma-sculptum	Amblyomma-sculptum_GEEX01003774.1.p1	231	NA	NA	NA	Signal peptide	1	23
cluster_46	speciation	speciation	OG0008849	Yes	No	2.20620675241667	0.0232647187691549	Dermacentor-andersoni	Dermacentor-andersoni_XP-050046326.1	249	NA	NA	NA	Signal peptide	1	19
cluster_46	speciation	speciation	OG0008849	Yes	No	2.20620675241667	0.0232647187691549	Dermacentor-andersoni	Dermacentor-andersoni_XP-050049424.1	236	NA	NA	NA	Signal peptide	1	22
cluster_46	speciation	speciation	OG0008849	Yes	No	2.20620675241667	0.0232647187691549	Dermacentor-silvarum	Dermacentor-silvarum_XP-037572378.2	253	NA	NA	NA	Chain	1	253
cluster_46	speciation	speciation	OG0008849	Yes	No	2.20620675241667	0.0232647187691549	Dermacentor-silvarum	Dermacentor-silvarum_XP-037580888.1	250	NA	NA	NA	Signal peptide	1	19
cluster_46	speciation	speciation	OG0008849	Yes	No	2.20620675241667	0.0232647187691549	Dermacentor-silvarum	Dermacentor-silvarum_XP-037580889.1	237	NA	NA	NA	Signal peptide	1	22
cluster_46	speciation	speciation	OG0008849	Yes	No	2.20620675241667	0.0232647187691549	Dermacentor-silvarum	Dermacentor-silvarum_XP-049512311.1	184	NA	NA	NA	Chain	1	184
cluster_46	speciation	speciation	OG0008849	Yes	No	2.20620675241667	0.0232647187691549	Dermacentor-silvarum	Dermacentor-silvarum_XP-049512312.1	149	NA	NA	NA	Chain	1	149
cluster_46	speciation	speciation	OG0008849	Yes	No	2.20620675241667	0.0232647187691549	Dermacentor-variabilis	Dermacentor-variabilis_GGQS01007860.1.p1	115	NA	K10508	zinc finger and BTB domain-containing protein 34	Chain	1	115
cluster_46	speciation	speciation	OG0008849	Yes	No	2.20620675241667	0.0232647187691549	Haemaphysalis-longicornis	Haemaphysalis-longicornis_KAH9380787.1	496	NA	NA	NA	Chain	1	496
cluster_46	speciation	speciation	OG0008849	Yes	No	2.20620675241667	0.0232647187691549	Hyalomma-asiaticum	Hyalomma-asiaticum_KAH6923943.1	270	NA	NA	NA	Chain	1	270
cluster_46	speciation	speciation	OG0008849	Yes	No	2.20620675241667	0.0232647187691549	Hyalomma-asiaticum	Hyalomma-asiaticum_KAH6923944.1	234	NA	NA	NA	Signal peptide	1	22
cluster_46	speciation	speciation	OG0008849	Yes	No	2.20620675241667	0.0232647187691549	Rhipicephalus-microplus	Rhipicephalus-microplus_XP-037272509.1	241	NA	NA	NA	Signal peptide	1	19
cluster_46	speciation	speciation	OG0008849	Yes	No	2.20620675241667	0.0232647187691549	Rhipicephalus-microplus	Rhipicephalus-microplus_XP-037273744.1	235	NA	NA	NA	Signal peptide	1	20
cluster_46	speciation	speciation	OG0008849	Yes	No	2.20620675241667	0.0232647187691549	Rhipicephalus-sanguineus	Rhipicephalus-sanguineus_XP-037525067.1	237	NA	NA	NA	Signal peptide	1	20
cluster_46	speciation	speciation	OG0009905	Yes	No	2.47838426858668	0.0136999801073751	Amblyomma-americanum	Amblyomma-americanum_evm.model.contig-11987-1.3	563	NA	K10876	RAD54-like protein 2 [EC:5.6.2.-]	Signal peptide	1	15
cluster_46	speciation	speciation	OG0009905	Yes	No	2.47838426858668	0.0136999801073751	Amblyomma-americanum	Amblyomma-americanum_evm.model.contig-11987-1.4	356	NA	K23340;K10661;K20470;K04573;K12797	transmembrane and ubiquitin-like domain-containing protein;E3 ubiquitin-protein ligase MARCH6 [EC:2.3.2.27];trehalose monomycolate/heme transporter;neurofilament medium polypeptide (neurofilament 3);caspase recruitment domain-containing protein 6	Chain	1	356
cluster_46	speciation	speciation	OG0009905	Yes	No	2.47838426858668	0.0136999801073751	Dermacentor-andersoni	Dermacentor-andersoni_XP-050027524.2	563	NA	K10876	RAD54-like protein 2 [EC:5.6.2.-]	Signal peptide	1	15
cluster_46	speciation	speciation	OG0009905	Yes	No	2.47838426858668	0.0136999801073751	Dermacentor-andersoni	Dermacentor-andersoni_XP-050027531.1	307	NA	K24286;K12797;K25373;K10661;K04573	proteoglycan 4;caspase recruitment domain-containing protein 6;acrosomal protein SP-10;E3 ubiquitin-protein ligase MARCH6 [EC:2.3.2.27];neurofilament medium polypeptide (neurofilament 3)	Signal peptide	1	18
cluster_46	speciation	speciation	OG0009905	Yes	No	2.47838426858668	0.0136999801073751	Dermacentor-silvarum	Dermacentor-silvarum_XP-049528145.1	186	NA	NA	NA	Chain	1	186
cluster_46	speciation	speciation	OG0009905	Yes	No	2.47838426858668	0.0136999801073751	Dermacentor-silvarum	Dermacentor-silvarum_XP-049528331.1	431	NA	K24286;K12070;K25373;K04573;K04462	proteoglycan 4;conjugal transfer pilus assembly protein TraI;acrosomal protein SP-10;neurofilament medium polypeptide (neurofilament 3);[histone H3]-lysine9 N-methyltransferase (ecotropic virus integration site 1 protein) [EC:2.1.1.367]	Signal peptide	1	18
cluster_46	speciation	speciation	OG0009905	Yes	No	2.47838426858668	0.0136999801073751	Dermacentor-variabilis	Dermacentor-variabilis_GGQS01021225.1.p1	290	NA	K04573;K24286;K12561;K12797;K25373	neurofilament medium polypeptide (neurofilament 3);proteoglycan 4;myristoylated alanine-rich C-kinase substrate;caspase recruitment domain-containing protein 6;acrosomal protein SP-10	Signal peptide	1	21
cluster_46	speciation	speciation	OG0009905	Yes	No	2.47838426858668	0.0136999801073751	Haemaphysalis-longicornis	Haemaphysalis-longicornis_KAH9381046.1	332	NA	K04573;K12561;K20470;K24286;K25373	neurofilament medium polypeptide (neurofilament 3);myristoylated alanine-rich C-kinase substrate;trehalose monomycolate/heme transporter;proteoglycan 4;acrosomal protein SP-10	Chain	1	332
cluster_46	speciation	speciation	OG0009905	Yes	No	2.47838426858668	0.0136999801073751	Hyalomma-asiaticum	Hyalomma-asiaticum_KAH6929057.1	799	NA	K24286;K24831;K25373;K04573	proteoglycan 4;zonadhesin;acrosomal protein SP-10;neurofilament medium polypeptide (neurofilament 3)	Chain	1	799
cluster_46	speciation	speciation	OG0009905	Yes	No	2.47838426858668	0.0136999801073751	Rhipicephalus-microplus	Rhipicephalus-microplus_XP-037281336.1	294	NA	K24286;K20470;K22188;K25373;K22765	proteoglycan 4;trehalose monomycolate/heme transporter;chloride channel CLIC-like protein 1;acrosomal protein SP-10;transmembrane protein 237	Signal peptide	1	18
cluster_46	speciation	speciation	OG0009905	Yes	No	2.47838426858668	0.0136999801073751	Rhipicephalus-sanguineus	Rhipicephalus-sanguineus_XP-037519337.1	315	NA	K24286;K04573;K22188;K22765;K20470	proteoglycan 4;neurofilament medium polypeptide (neurofilament 3);chloride channel CLIC-like protein 1;transmembrane protein 237;trehalose monomycolate/heme transporter	Signal peptide	1	18
cluster_46	speciation	speciation	OG0009905	Yes	No	2.47838426858668	0.0136999801073751	Rhipicephalus-sanguineus	Rhipicephalus-sanguineus_XP-037519339.2	492	NA	NA	NA	Signal peptide	1	15
cluster_46	speciation	speciation	OG0009626	Yes & Top 5% Coef.	No	5.66383535937533	0.00196192802589075	Amblyomma-americanum	Amblyomma-americanum_evm.model.contig-105496-1.7	635	NA	K01149;K11361;K20413;K06261;K06562	telomerase RNA component interacting RNase [EC:3.1.13.-];transcription factor SPT20;hepatitis A virus cellular receptor 1;platelet glycoprotein Ib alpha chain;lysosomal-associated membrane protein 3	Chain	1	635
cluster_46	speciation	speciation	OG0009626	Yes & Top 5% Coef.	No	5.66383535937533	0.00196192802589075	Amblyomma-sculptum	Amblyomma-sculptum_GEEX01002356.1.p1	558	NA	K06260;K20412;K13908;K06261;K17298	platelet glycoprotein V;peptidase inhibitor 16;mucin-5;platelet glycoprotein Ib alpha chain;mucin-13	Signal peptide	1	15
cluster_46	speciation	speciation	OG0009626	Yes & Top 5% Coef.	No	5.66383535937533	0.00196192802589075	Dermacentor-andersoni	Dermacentor-andersoni_XP-050051853.1	566	NA	K06261;K20914;K15162;K10955;K16720	platelet glycoprotein Ib alpha chain;gamma-interferon-inducible protein 16;mediator of RNA polymerase II transcription subunit 12;mucin-2;reduction in cnn dots 2	Signal peptide	1	15
cluster_46	speciation	speciation	OG0009626	Yes & Top 5% Coef.	No	5.66383535937533	0.00196192802589075	Dermacentor-silvarum	Dermacentor-silvarum_XP-037560675.1	415	NA	K06265;K18040;K06261;K10955;K15162	dystroglycan 1;tyrosine-protein phosphatase non-receptor type 23 [EC:3.1.3.48];platelet glycoprotein Ib alpha chain;mucin-2;mediator of RNA polymerase II transcription subunit 12	Chain	1	415
cluster_46	speciation	speciation	OG0009626	Yes & Top 5% Coef.	No	5.66383535937533	0.00196192802589075	Dermacentor-variabilis	Dermacentor-variabilis_GGQS01028690.1.p1	593	NA	K15162;K06261;K20914;K10955;K25558	mediator of RNA polymerase II transcription subunit 12;platelet glycoprotein Ib alpha chain;gamma-interferon-inducible protein 16;mucin-2;HERV-H LTR-associating protein 1	Chain	1	593
cluster_46	speciation	speciation	OG0009626	Yes & Top 5% Coef.	No	5.66383535937533	0.00196192802589075	Haemaphysalis-longicornis	Haemaphysalis-longicornis_KAH9359899.1	378	NA	K10624;K09292;K23326;K05634;K15307	E3 ubiquitin-protein ligase RBBP6 [EC:2.3.2.27];protein TFG;cyclin K;prion protein;G protein pathway suppressor 2	Chain	1	378
cluster_46	speciation	speciation	OG0009626	Yes & Top 5% Coef.	No	5.66383535937533	0.00196192802589075	Hyalomma-asiaticum	Hyalomma-asiaticum_KAH6944281.1	523	NA	K06261;K15162;K11276;K03036;K06824	platelet glycoprotein Ib alpha chain;mediator of RNA polymerase II transcription subunit 12;nucleophosmin 1;26S proteasome regulatory subunit N6;nephronectin	Signal peptide	1	15
cluster_46	speciation	speciation	OG0009626	Yes & Top 5% Coef.	No	5.66383535937533	0.00196192802589075	Ixodes-persulcatus	Ixodes-persulcatus_KAG0421847.1	211	NA	NA	NA	Chain	1	211
cluster_46	speciation	speciation	OG0009626	Yes & Top 5% Coef.	No	5.66383535937533	0.00196192802589075	Ixodes-ricinus	Ixodes-ricinus_GIDG01035151.1.p1	431	NA	NA	NA	Signal peptide	1	23
cluster_46	speciation	speciation	OG0009626	Yes & Top 5% Coef.	No	5.66383535937533	0.00196192802589075	Ixodes-ricinus	Ixodes-ricinus_GIDG01035152.1.p1	344	NA	K23929;K02199;K15162	EF-hand domain-containing family member B;cytochrome c biogenesis protein CcmG, thiol:disulfide interchange protein DsbE;mediator of RNA polymerase II transcription subunit 12	Signal peptide	1	23
cluster_46	speciation	speciation	OG0009626	Yes & Top 5% Coef.	No	5.66383535937533	0.00196192802589075	Ixodes-scapularis	Ixodes-scapularis_tr|B7PSL2|B7PSL2-IXOSC	358	NA	NA	NA	Chain	1	358
cluster_46	speciation	speciation	OG0009626	Yes & Top 5% Coef.	No	5.66383535937533	0.00196192802589075	Rhipicephalus-microplus	Rhipicephalus-microplus_XP-037269444.1	608	NA	K25102;K24400;K22019;K25558;K18040	tRNA selenocysteine 1-associated protein 1;matrix remodeling-associated protein 5;mucin-15;HERV-H LTR-associating protein 1;tyrosine-protein phosphatase non-receptor type 23 [EC:3.1.3.48]	Signal peptide	1	15
cluster_46	speciation	speciation	OG0009626	Yes & Top 5% Coef.	No	5.66383535937533	0.00196192802589075	Rhipicephalus-sanguineus	Rhipicephalus-sanguineus_XP-037518109.1	574	NA	K06261;K06501;K22019;K06260;K10955	platelet glycoprotein Ib alpha chain;CD68 antigen;mucin-15;platelet glycoprotein V;mucin-2	Signal peptide	1	15
