cluster	model	profile_type	orthogroup	signif_level	signif_fdr	coefficient	pval	species	locus_tag	Length	egg_Description	KO	KO_definition	deepsig_feature	deepsig_start	deepsig_end	tm_prediction	expression
cluster_27	speciation	speciation	OG0005278	Yes	No	0.95999137234676	0.0477294311647372	Amblyomma-americanum	Amblyomma-americanum_evm.model.contig-11455-1.4	156	NA	K23411;K24380;K03898;K23409;K13899	fetuin-B;cystatin-10;kininogen;alpha-2-HS-glycoprotein;cystatin-C	Signal peptide	1	19	SP	1
cluster_27	speciation	speciation	OG0005278	Yes	No	0.95999137234676	0.0477294311647372	Amblyomma-sculptum	Amblyomma-sculptum_GEEX01004929.1.p1	153	NA	K23411;K23409;K03898;K24380;K13899	fetuin-B;alpha-2-HS-glycoprotein;kininogen;cystatin-10;cystatin-C	Signal peptide	1	21	SP	NA
cluster_27	speciation	speciation	OG0005278	Yes	No	0.95999137234676	0.0477294311647372	Dermacentor-andersoni	Dermacentor-andersoni_XP-050036968.2	146	NA	K23411;K23409;K24380;K03898;K23410	fetuin-B;alpha-2-HS-glycoprotein;cystatin-10;kininogen;histidine-rich glycoprotein	Signal peptide	1	17	SP	NA
cluster_27	speciation	speciation	OG0005278	Yes	No	0.95999137234676	0.0477294311647372	Dermacentor-andersoni	Dermacentor-andersoni_XP-050036971.1	146	NA	NA	NA	Signal peptide	1	17	SP	NA
cluster_27	speciation	speciation	OG0005278	Yes	No	0.95999137234676	0.0477294311647372	Dermacentor-andersoni	Dermacentor-andersoni_XP-050036973.1	146	NA	K03898;K23411;K24380;K13902;K13897	kininogen;fetuin-B;cystatin-10;cystatin-M;cystatin-SN	Signal peptide	1	17	SP	NA
cluster_27	speciation	speciation	OG0005278	Yes	No	0.95999137234676	0.0477294311647372	Dermacentor-andersoni	Dermacentor-andersoni_XP-050037744.2	176	NA	K03898	kininogen	Signal peptide	1	17	SP	NA
cluster_27	speciation	speciation	OG0005278	Yes	No	0.95999137234676	0.0477294311647372	Dermacentor-andersoni	Dermacentor-andersoni_XP-054927972.1	149	NA	NA	NA	Signal peptide	1	16	SP	NA
cluster_27	speciation	speciation	OG0005278	Yes	No	0.95999137234676	0.0477294311647372	Dermacentor-andersoni	Dermacentor-andersoni_XP-054927973.1	149	NA	K23409	alpha-2-HS-glycoprotein	Signal peptide	1	16	SP	NA
cluster_27	speciation	speciation	OG0005278	Yes	No	0.95999137234676	0.0477294311647372	Dermacentor-andersoni	Dermacentor-andersoni_XP-054927974.1	149	NA	K23411	fetuin-B	Signal peptide	1	21	SP	NA
cluster_27	speciation	speciation	OG0005278	Yes	No	0.95999137234676	0.0477294311647372	Dermacentor-silvarum	Dermacentor-silvarum_XP-037557684.1	151	NA	K24380;K13897;K03898;K13899;K23411	cystatin-10;cystatin-SN;kininogen;cystatin-C;fetuin-B	Signal peptide	1	17	SP	NA
cluster_27	speciation	speciation	OG0005278	Yes	No	0.95999137234676	0.0477294311647372	Dermacentor-silvarum	Dermacentor-silvarum_XP-037575737.1	145	NA	K23411;K23409;K03898;K23410;K24380	fetuin-B;alpha-2-HS-glycoprotein;kininogen;histidine-rich glycoprotein;cystatin-10	Signal peptide	1	17	SP	NA
cluster_27	speciation	speciation	OG0005278	Yes	No	0.95999137234676	0.0477294311647372	Dermacentor-silvarum	Dermacentor-silvarum_XP-037575998.1	149	NA	NA	NA	Signal peptide	1	16	SP	NA
cluster_27	speciation	speciation	OG0005278	Yes	No	0.95999137234676	0.0477294311647372	Dermacentor-silvarum	Dermacentor-silvarum_XP-037576002.2	150	NA	K23409	alpha-2-HS-glycoprotein	Signal peptide	1	16	SP	NA
cluster_27	speciation	speciation	OG0005278	Yes	No	0.95999137234676	0.0477294311647372	Dermacentor-silvarum	Dermacentor-silvarum_XP-037577225.2	147	NA	K23409;K23411;K03898;K23410;K24380	alpha-2-HS-glycoprotein;fetuin-B;kininogen;histidine-rich glycoprotein;cystatin-10	Signal peptide	1	18	SP	NA
cluster_27	speciation	speciation	OG0005278	Yes	No	0.95999137234676	0.0477294311647372	Dermacentor-silvarum	Dermacentor-silvarum_XP-037577226.1	158	NA	K23411;K13897;K03898;K24380	fetuin-B;cystatin-SN;kininogen;cystatin-10	Signal peptide	1	25	SP	NA
cluster_27	speciation	speciation	OG0005278	Yes	No	0.95999137234676	0.0477294311647372	Dermacentor-silvarum	Dermacentor-silvarum_XP-049526607.1	143	NA	K23411;K23409;K03898;K24380	fetuin-B;alpha-2-HS-glycoprotein;kininogen;cystatin-10	Signal peptide	1	19	SP	NA
cluster_27	speciation	speciation	OG0005278	Yes	No	0.95999137234676	0.0477294311647372	Dermacentor-silvarum	Dermacentor-silvarum_XP-049526850.1	151	NA	NA	NA	Signal peptide	1	16	SP	NA
cluster_27	speciation	speciation	OG0005278	Yes	No	0.95999137234676	0.0477294311647372	Dermacentor-silvarum	Dermacentor-silvarum_XP-049526852.1	150	NA	K23409	alpha-2-HS-glycoprotein	Signal peptide	1	16	SP	NA
cluster_27	speciation	speciation	OG0005278	Yes	No	0.95999137234676	0.0477294311647372	Dermacentor-variabilis	Dermacentor-variabilis_GGQS01012429.1.p1	128	NA	K23411;K24380;K23410;K21621;K03898	fetuin-B;cystatin-10;histidine-rich glycoprotein;tagatose kinase [EC:2.7.1.101];kininogen	Signal peptide	1	17	SP	NA
cluster_27	speciation	speciation	OG0005278	Yes	No	0.95999137234676	0.0477294311647372	Dermacentor-variabilis	Dermacentor-variabilis_GGQS01016348.1.p1	146	NA	K23411;K03898	fetuin-B;kininogen	Signal peptide	1	17	SP	NA
cluster_27	speciation	speciation	OG0005278	Yes	No	0.95999137234676	0.0477294311647372	Hyalomma-asiaticum	Hyalomma-asiaticum_KAH6927010.1	291	NA	K25747	zymogen granule membrane protein 16	Signal peptide	1	17	SP	NA
cluster_27	speciation	speciation	OG0005278	Yes	No	0.95999137234676	0.0477294311647372	Ixodes-persulcatus	Ixodes-persulcatus_KAG0430904.1	333	NA	K23411;K13897	fetuin-B;cystatin-SN	Signal peptide	1	21	SP	NA
cluster_27	speciation	speciation	OG0005278	Yes	No	0.95999137234676	0.0477294311647372	Ixodes-ricinus	Ixodes-ricinus_GIDG01007787.1.p1	146	NA	K23411;K13897;K24380	fetuin-B;cystatin-SN;cystatin-10	Signal peptide	1	17	SP	NA
cluster_27	speciation	speciation	OG0005278	Yes	No	0.95999137234676	0.0477294311647372	Rhipicephalus-microplus	Rhipicephalus-microplus_XP-037275364.1	164	NA	K23409;K23411	alpha-2-HS-glycoprotein;fetuin-B	Signal peptide	1	16	SP	NA
cluster_27	speciation	speciation	OG0005278	Yes	No	0.95999137234676	0.0477294311647372	Rhipicephalus-microplus	Rhipicephalus-microplus_XP-037275365.1	150	NA	NA	NA	Signal peptide	1	19	SP	NA
cluster_27	speciation	speciation	OG0005278	Yes	No	0.95999137234676	0.0477294311647372	Rhipicephalus-microplus	Rhipicephalus-microplus_XP-037275366.1	147	NA	K23411	fetuin-B	Signal peptide	1	16	SP	NA
cluster_27	speciation	speciation	OG0005278	Yes	No	0.95999137234676	0.0477294311647372	Rhipicephalus-microplus	Rhipicephalus-microplus_XP-037275368.1	149	NA	K23411;K23409;K23410;K24380	fetuin-B;alpha-2-HS-glycoprotein;histidine-rich glycoprotein;cystatin-10	Signal peptide	1	19	SP	NA
cluster_27	speciation	speciation	OG0005278	Yes	No	0.95999137234676	0.0477294311647372	Rhipicephalus-microplus	Rhipicephalus-microplus_XP-037289165.1	153	NA	NA	NA	Signal peptide	1	17	SP	NA
cluster_27	speciation	speciation	OG0005278	Yes	No	0.95999137234676	0.0477294311647372	Rhipicephalus-sanguineus	Rhipicephalus-sanguineus_XP-037499485.1	164	NA	K23409	alpha-2-HS-glycoprotein	Signal peptide	1	16	SP	NA
cluster_27	speciation	speciation	OG0005278	Yes	No	0.95999137234676	0.0477294311647372	Rhipicephalus-sanguineus	Rhipicephalus-sanguineus_XP-037500343.1	148	NA	K10044	retinoic acid receptor responder protein 2	Signal peptide	1	18	SP	NA
cluster_27	speciation	speciation	OG0005278	Yes	No	0.95999137234676	0.0477294311647372	Rhipicephalus-sanguineus	Rhipicephalus-sanguineus_XP-037500415.1	180	NA	K23411;K23409;K03898;K23410;K24380	fetuin-B;alpha-2-HS-glycoprotein;kininogen;histidine-rich glycoprotein;cystatin-10	Signal peptide	1	18	SP	NA
cluster_27	speciation	speciation	OG0005278	Yes	No	0.95999137234676	0.0477294311647372	Rhipicephalus-sanguineus	Rhipicephalus-sanguineus_XP-037501743.1	147	NA	K23411;K03898	fetuin-B;kininogen	Signal peptide	1	17	SP	NA
cluster_27	speciation	speciation	OG0005278	Yes	No	0.95999137234676	0.0477294311647372	Rhipicephalus-sanguineus	Rhipicephalus-sanguineus_XP-049267180.1	237	NA	NA	NA	Signal peptide	1	17	SP	NA
cluster_33	speciation	speciation	OG0000880	Yes	No	0.314007658706998	0.0119565331876935	Amblyomma-americanum	Amblyomma-americanum_evm.model.contig-16308-1.3	381	NA	NA	NA	Signal peptide	1	19	SP	1
cluster_33	speciation	speciation	OG0000880	Yes	No	0.314007658706998	0.0119565331876935	Amblyomma-americanum	Amblyomma-americanum_evm.model.contig-85352-1.2	176	NA	NA	NA	Signal peptide	1	19	SP	1
cluster_33	speciation	speciation	OG0000880	Yes	No	0.314007658706998	0.0119565331876935	Amblyomma-americanum	Amblyomma-americanum_evm.model.contig-85352-1.4	189	NA	K24317;K13090;K13184;K12741	germinal-center associated nuclear protein [EC:2.3.1.48];interleukin enhancer-binding factor 3;ATP-dependent RNA helicase A [EC:3.6.4.13];heterogeneous nuclear ribonucleoprotein A1/A3	Signal peptide	1	21	SP	1
cluster_33	speciation	speciation	OG0000880	Yes	No	0.314007658706998	0.0119565331876935	Amblyomma-americanum	Amblyomma-americanum_evm.model.contig-85352-1.5	199	NA	K19461	Lymphocryptovirus nuclear antigen 1	Signal peptide	1	19	SP	1
cluster_33	speciation	speciation	OG0000880	Yes	No	0.314007658706998	0.0119565331876935	Amblyomma-sculptum	Amblyomma-sculptum_GEEX01000866.1.p1	177	NA	K24317	germinal-center associated nuclear protein [EC:2.3.1.48]	Signal peptide	1	19	SP	NA
cluster_33	speciation	speciation	OG0000880	Yes	No	0.314007658706998	0.0119565331876935	Amblyomma-sculptum	Amblyomma-sculptum_GEEX01007604.1.p1	193	NA	K13184;K12741;K13090;K24317;K19461	ATP-dependent RNA helicase A [EC:3.6.4.13];heterogeneous nuclear ribonucleoprotein A1/A3;interleukin enhancer-binding factor 3;germinal-center associated nuclear protein [EC:2.3.1.48];Lymphocryptovirus nuclear antigen 1	Signal peptide	1	19	SP	NA
cluster_33	speciation	speciation	OG0000880	Yes	No	0.314007658706998	0.0119565331876935	Amblyomma-sculptum	Amblyomma-sculptum_GEEX01007693.1.p1	173	NA	K24317;K13090;K12741;K13184;K19461	germinal-center associated nuclear protein [EC:2.3.1.48];interleukin enhancer-binding factor 3;heterogeneous nuclear ribonucleoprotein A1/A3;ATP-dependent RNA helicase A [EC:3.6.4.13];Lymphocryptovirus nuclear antigen 1	Signal peptide	1	19	SP	NA
cluster_33	speciation	speciation	OG0000880	Yes	No	0.314007658706998	0.0119565331876935	Dermacentor-andersoni	Dermacentor-andersoni_XP-050046625.2	169	NA	NA	NA	Signal peptide	1	18	SP	NA
cluster_33	speciation	speciation	OG0000880	Yes	No	0.314007658706998	0.0119565331876935	Dermacentor-andersoni	Dermacentor-andersoni_XP-050051518.1	313	NA	K15352;K21919;K18555	secreted effector protein PipB2;BTB/POZ domain-containing protein KCTD9;fluoroquinolone resistance protein	Signal peptide	1	19	SP	NA
cluster_33	speciation	speciation	OG0000880	Yes	No	0.314007658706998	0.0119565331876935	Dermacentor-andersoni	Dermacentor-andersoni_XP-050051540.1	236	NA	K23952;K20702;K13184;K19461	vacuolar ATPase assembly integral membrane protein VMA21;immune-induced peptide 4;ATP-dependent RNA helicase A [EC:3.6.4.13];Lymphocryptovirus nuclear antigen 1	Signal peptide	1	19	SP	NA
cluster_33	speciation	speciation	OG0000880	Yes	No	0.314007658706998	0.0119565331876935	Dermacentor-andersoni	Dermacentor-andersoni_XP-050051541.1	235	NA	K15352	secreted effector protein PipB2	Signal peptide	1	18	SP	NA
cluster_33	speciation	speciation	OG0000880	Yes	No	0.314007658706998	0.0119565331876935	Dermacentor-andersoni	Dermacentor-andersoni_XP-050051547.1	199	NA	K12051;K13184;K07344;K19461;K12741	ComB7 competence protein;ATP-dependent RNA helicase A [EC:3.6.4.13];type IV secretion system protein TrbL;Lymphocryptovirus nuclear antigen 1;heterogeneous nuclear ribonucleoprotein A1/A3	Signal peptide	1	19	SP	NA
cluster_33	speciation	speciation	OG0000880	Yes	No	0.314007658706998	0.0119565331876935	Dermacentor-andersoni	Dermacentor-andersoni_XP-050051550.1	197	NA	K03489;K13090;K14321;K07344;K14297	GntR family transcriptional regulator, transcriptional regulator of bglA;interleukin enhancer-binding factor 3;nucleoporin-like protein 2;type IV secretion system protein TrbL;nuclear pore complex protein Nup98-Nup96	Signal peptide	1	19	SP	NA
cluster_33	speciation	speciation	OG0000880	Yes	No	0.314007658706998	0.0119565331876935	Dermacentor-andersoni	Dermacentor-andersoni_XP-054917045.1	217	NA	K19461	Lymphocryptovirus nuclear antigen 1	Signal peptide	1	25	SP	NA
cluster_33	speciation	speciation	OG0000880	Yes	No	0.314007658706998	0.0119565331876935	Dermacentor-andersoni	Dermacentor-andersoni_XP-054917048.1	104	NA	K05239	tachykinin 1	Signal peptide	1	19	SP	NA
cluster_33	speciation	speciation	OG0000880	Yes	No	0.314007658706998	0.0119565331876935	Dermacentor-andersoni	Dermacentor-andersoni_XP-054919522.1	344	NA	K15352	secreted effector protein PipB2	Signal peptide	1	19	SP	NA
cluster_33	speciation	speciation	OG0000880	Yes	No	0.314007658706998	0.0119565331876935	Dermacentor-andersoni	Dermacentor-andersoni_XP-054919523.1	152	NA	K12051;K24317;K13184;K14317;K18716	ComB7 competence protein;germinal-center associated nuclear protein [EC:2.3.1.48];ATP-dependent RNA helicase A [EC:3.6.4.13];nuclear pore complex protein Nup214;nucleoporin NUP42	Signal peptide	1	19	SP	NA
cluster_33	speciation	speciation	OG0000880	Yes	No	0.314007658706998	0.0119565331876935	Dermacentor-andersoni	Dermacentor-andersoni_XP-054934033.1	382	NA	K08758;K05509	apolipoprotein A-II;C-C motif chemokine 7	Signal peptide	1	18	SP	NA
cluster_33	speciation	speciation	OG0000880	Yes	No	0.314007658706998	0.0119565331876935	Dermacentor-silvarum	Dermacentor-silvarum_XP-037557944.1	170	NA	K13982	probable ATP-dependent RNA helicase DDX4 [EC:3.6.4.13]	Signal peptide	1	18	SP	NA
cluster_33	speciation	speciation	OG0000880	Yes	No	0.314007658706998	0.0119565331876935	Dermacentor-silvarum	Dermacentor-silvarum_XP-037559867.1	303	NA	K15352;K21919	secreted effector protein PipB2;BTB/POZ domain-containing protein KCTD9	Signal peptide	1	19	SP	NA
cluster_33	speciation	speciation	OG0000880	Yes	No	0.314007658706998	0.0119565331876935	Dermacentor-silvarum	Dermacentor-silvarum_XP-037559871.1	211	NA	K12051;K13090;K19461;K07344;K13184	ComB7 competence protein;interleukin enhancer-binding factor 3;Lymphocryptovirus nuclear antigen 1;type IV secretion system protein TrbL;ATP-dependent RNA helicase A [EC:3.6.4.13]	Signal peptide	1	19	SP	NA
cluster_33	speciation	speciation	OG0000880	Yes	No	0.314007658706998	0.0119565331876935	Dermacentor-silvarum	Dermacentor-silvarum_XP-037559873.1	220	NA	NA	NA	Signal peptide	1	18	SP	NA
cluster_33	speciation	speciation	OG0000880	Yes	No	0.314007658706998	0.0119565331876935	Dermacentor-silvarum	Dermacentor-silvarum_XP-037559874.1	217	NA	K23952;K19461;K13184;K13090;K12184	vacuolar ATPase assembly integral membrane protein VMA21;Lymphocryptovirus nuclear antigen 1;ATP-dependent RNA helicase A [EC:3.6.4.13];interleukin enhancer-binding factor 3;ESCRT-I complex subunit VPS28	Signal peptide	1	18	SP	NA
cluster_33	speciation	speciation	OG0000880	Yes	No	0.314007658706998	0.0119565331876935	Dermacentor-silvarum	Dermacentor-silvarum_XP-037570429.1	197	NA	K13090;K13184;K14297;K07344;K24317	interleukin enhancer-binding factor 3;ATP-dependent RNA helicase A [EC:3.6.4.13];nuclear pore complex protein Nup98-Nup96;type IV secretion system protein TrbL;germinal-center associated nuclear protein [EC:2.3.1.48]	Signal peptide	1	19	SP	NA
cluster_33	speciation	speciation	OG0000880	Yes	No	0.314007658706998	0.0119565331876935	Dermacentor-silvarum	Dermacentor-silvarum_XP-037580477.1	215	NA	K19461	Lymphocryptovirus nuclear antigen 1	Signal peptide	1	25	SP	NA
cluster_33	speciation	speciation	OG0000880	Yes	No	0.314007658706998	0.0119565331876935	Dermacentor-silvarum	Dermacentor-silvarum_XP-037581363.1	169	NA	NA	NA	Signal peptide	1	18	SP	NA
cluster_33	speciation	speciation	OG0000880	Yes	No	0.314007658706998	0.0119565331876935	Dermacentor-silvarum	Dermacentor-silvarum_XP-037581366.1	260	NA	NA	NA	Signal peptide	1	19	SP	NA
cluster_33	speciation	speciation	OG0000880	Yes	No	0.314007658706998	0.0119565331876935	Dermacentor-silvarum	Dermacentor-silvarum_XP-049516052.1	310	NA	NA	NA	Signal peptide	1	21	SP	NA
cluster_33	speciation	speciation	OG0000880	Yes	No	0.314007658706998	0.0119565331876935	Dermacentor-variabilis	Dermacentor-variabilis_GGQS01005722.1.p1	197	NA	K03489;K13090;K13836;K14321;K07344	GntR family transcriptional regulator, transcriptional regulator of bglA;interleukin enhancer-binding factor 3;circumsporozoite protein;nucleoporin-like protein 2;type IV secretion system protein TrbL	Signal peptide	1	19	SP	NA
cluster_33	speciation	speciation	OG0000880	Yes	No	0.314007658706998	0.0119565331876935	Dermacentor-variabilis	Dermacentor-variabilis_GGQS01018038.1.p1	182	NA	K08758;K11360;K07344;K13982;K13184	apolipoprotein A-II;transcriptional activator SPT8;type IV secretion system protein TrbL;probable ATP-dependent RNA helicase DDX4 [EC:3.6.4.13];ATP-dependent RNA helicase A [EC:3.6.4.13]	Signal peptide	1	31	SP	NA
cluster_33	speciation	speciation	OG0000880	Yes	No	0.314007658706998	0.0119565331876935	Hyalomma-asiaticum	Hyalomma-asiaticum_KAH6923439.1	216	NA	K19461	Lymphocryptovirus nuclear antigen 1	Signal peptide	1	19	SP	NA
cluster_33	speciation	speciation	OG0000880	Yes	No	0.314007658706998	0.0119565331876935	Hyalomma-asiaticum	Hyalomma-asiaticum_KAH6923443.1	201	NA	K15047	heterogeneous nuclear ribonucleoprotein U-like protein 1	Signal peptide	1	19	SP	NA
cluster_33	speciation	speciation	OG0000880	Yes	No	0.314007658706998	0.0119565331876935	Hyalomma-asiaticum	Hyalomma-asiaticum_KAH6923445.1	167	NA	NA	NA	Signal peptide	1	18	SP	NA
cluster_33	speciation	speciation	OG0000880	Yes	No	0.314007658706998	0.0119565331876935	Hyalomma-asiaticum	Hyalomma-asiaticum_KAH6947072.1	193	NA	K13090;K13184;K13836;K12741;K24317	interleukin enhancer-binding factor 3;ATP-dependent RNA helicase A [EC:3.6.4.13];circumsporozoite protein;heterogeneous nuclear ribonucleoprotein A1/A3;germinal-center associated nuclear protein [EC:2.3.1.48]	Signal peptide	1	20	SP	NA
cluster_33	speciation	speciation	OG0000880	Yes	No	0.314007658706998	0.0119565331876935	Ixodes-ricinus	Ixodes-ricinus_GIDG01010627.1.p1	208	NA	K19461;K13090	Lymphocryptovirus nuclear antigen 1;interleukin enhancer-binding factor 3	Signal peptide	1	19	SP	NA
cluster_33	speciation	speciation	OG0000880	Yes	No	0.314007658706998	0.0119565331876935	Rhipicephalus-microplus	Rhipicephalus-microplus_XP-037269420.1	199	NA	K19461;K22989	Lymphocryptovirus nuclear antigen 1;integral membrane protein GPR137	Signal peptide	1	19	SP	NA
cluster_33	speciation	speciation	OG0000880	Yes	No	0.314007658706998	0.0119565331876935	Rhipicephalus-microplus	Rhipicephalus-microplus_XP-037269421.1	199	NA	K19461;K24317	Lymphocryptovirus nuclear antigen 1;germinal-center associated nuclear protein [EC:2.3.1.48]	Signal peptide	1	19	SP	NA
cluster_33	speciation	speciation	OG0000880	Yes	No	0.314007658706998	0.0119565331876935	Rhipicephalus-microplus	Rhipicephalus-microplus_XP-037269422.1	211	NA	K19461;K24317	Lymphocryptovirus nuclear antigen 1;germinal-center associated nuclear protein [EC:2.3.1.48]	Signal peptide	1	19	SP	NA
cluster_33	speciation	speciation	OG0000880	Yes	No	0.314007658706998	0.0119565331876935	Rhipicephalus-microplus	Rhipicephalus-microplus_XP-037269427.1	207	NA	K19461	Lymphocryptovirus nuclear antigen 1	Signal peptide	1	18	SP	NA
cluster_33	speciation	speciation	OG0000880	Yes	No	0.314007658706998	0.0119565331876935	Rhipicephalus-microplus	Rhipicephalus-microplus_XP-037272456.1	187	NA	K19461	Lymphocryptovirus nuclear antigen 1	Signal peptide	1	18	SP	NA
cluster_33	speciation	speciation	OG0000880	Yes	No	0.314007658706998	0.0119565331876935	Rhipicephalus-microplus	Rhipicephalus-microplus_XP-037272457.1	167	NA	K15047	heterogeneous nuclear ribonucleoprotein U-like protein 1	Signal peptide	1	18	SP	NA
cluster_33	speciation	speciation	OG0000880	Yes	No	0.314007658706998	0.0119565331876935	Rhipicephalus-microplus	Rhipicephalus-microplus_XP-037272460.1	163	NA	NA	NA	Signal peptide	1	18	SP	NA
cluster_33	speciation	speciation	OG0000880	Yes	No	0.314007658706998	0.0119565331876935	Rhipicephalus-microplus	Rhipicephalus-microplus_XP-037272461.1	197	NA	NA	NA	Signal peptide	1	19	SP	NA
cluster_33	speciation	speciation	OG0000880	Yes	No	0.314007658706998	0.0119565331876935	Rhipicephalus-microplus	Rhipicephalus-microplus_XP-037273402.1	174	NA	K15047	heterogeneous nuclear ribonucleoprotein U-like protein 1	Signal peptide	1	25	SP	NA
cluster_33	speciation	speciation	OG0000880	Yes	No	0.314007658706998	0.0119565331876935	Rhipicephalus-microplus	Rhipicephalus-microplus_XP-037273407.1	221	NA	NA	NA	Signal peptide	1	18	SP	NA
cluster_33	speciation	speciation	OG0000880	Yes	No	0.314007658706998	0.0119565331876935	Rhipicephalus-sanguineus	Rhipicephalus-sanguineus_XP-037502943.1	197	NA	K13090;K07344;K13184;K24317;K13836	interleukin enhancer-binding factor 3;type IV secretion system protein TrbL;ATP-dependent RNA helicase A [EC:3.6.4.13];germinal-center associated nuclear protein [EC:2.3.1.48];circumsporozoite protein	Signal peptide	1	19	SP	NA
cluster_33	speciation	speciation	OG0000880	Yes	No	0.314007658706998	0.0119565331876935	Rhipicephalus-sanguineus	Rhipicephalus-sanguineus_XP-037517942.2	199	NA	K19461;K13184;K12741;K24317	Lymphocryptovirus nuclear antigen 1;ATP-dependent RNA helicase A [EC:3.6.4.13];heterogeneous nuclear ribonucleoprotein A1/A3;germinal-center associated nuclear protein [EC:2.3.1.48]	Signal peptide	1	19	SP	NA
cluster_33	speciation	speciation	OG0000880	Yes	No	0.314007658706998	0.0119565331876935	Rhipicephalus-sanguineus	Rhipicephalus-sanguineus_XP-037517950.2	210	NA	K13090;K13184;K07344;K19461;K13982	interleukin enhancer-binding factor 3;ATP-dependent RNA helicase A [EC:3.6.4.13];type IV secretion system protein TrbL;Lymphocryptovirus nuclear antigen 1;probable ATP-dependent RNA helicase DDX4 [EC:3.6.4.13]	Signal peptide	1	24	SP	NA
cluster_33	speciation	speciation	OG0000880	Yes	No	0.314007658706998	0.0119565331876935	Rhipicephalus-sanguineus	Rhipicephalus-sanguineus_XP-037517956.1	263	NA	K19461;K14211	Lymphocryptovirus nuclear antigen 1;elastin	Signal peptide	1	18	SP	NA
cluster_33	speciation	speciation	OG0000880	Yes	No	0.314007658706998	0.0119565331876935	Rhipicephalus-sanguineus	Rhipicephalus-sanguineus_XP-037517963.1	202	NA	K05793;K19461	tellurite resistance protein TerB;Lymphocryptovirus nuclear antigen 1	Signal peptide	1	18	SP	NA
cluster_33	speciation	speciation	OG0000880	Yes	No	0.314007658706998	0.0119565331876935	Rhipicephalus-sanguineus	Rhipicephalus-sanguineus_XP-037524803.1	167	NA	K13914;K15047;K19461;K07344	statherin;heterogeneous nuclear ribonucleoprotein U-like protein 1;Lymphocryptovirus nuclear antigen 1;type IV secretion system protein TrbL	Signal peptide	1	18	SP	NA
cluster_33	speciation	speciation	OG0000880	Yes	No	0.314007658706998	0.0119565331876935	Rhipicephalus-sanguineus	Rhipicephalus-sanguineus_XP-037526085.1	205	NA	K11360	transcriptional activator SPT8	Signal peptide	1	19	SP	NA
cluster_33	speciation	speciation	OG0000880	Yes	No	0.314007658706998	0.0119565331876935	Rhipicephalus-sanguineus	Rhipicephalus-sanguineus_XP-049274368.1	169	NA	K13982;K07344	probable ATP-dependent RNA helicase DDX4 [EC:3.6.4.13];type IV secretion system protein TrbL	Signal peptide	1	23	SP	NA
cluster_33	speciation	speciation	OG0007516	Yes	No	0.97195658891099	0.0187771774717899	Amblyomma-americanum	Amblyomma-americanum_evm.model.contig-149332-1.5	168	NA	NA	NA	Signal peptide	1	23	SP	1
cluster_33	speciation	speciation	OG0007516	Yes	No	0.97195658891099	0.0187771774717899	Amblyomma-sculptum	Amblyomma-sculptum_GEEX01000592.1.p1	222	NA	NA	NA	Signal peptide	1	24	SP	NA
cluster_33	speciation	speciation	OG0007516	Yes	No	0.97195658891099	0.0187771774717899	Dermacentor-andersoni	Dermacentor-andersoni_XP-050032214.1	240	NA	NA	NA	Signal peptide	1	24	SP	NA
cluster_33	speciation	speciation	OG0007516	Yes	No	0.97195658891099	0.0187771774717899	Dermacentor-andersoni	Dermacentor-andersoni_XP-050032217.1	225	NA	NA	NA	Signal peptide	1	22	SP	NA
cluster_33	speciation	speciation	OG0007516	Yes	No	0.97195658891099	0.0187771774717899	Dermacentor-andersoni	Dermacentor-andersoni_XP-054925257.1	220	NA	NA	NA	Signal peptide	1	24	SP	NA
cluster_33	speciation	speciation	OG0007516	Yes	No	0.97195658891099	0.0187771774717899	Dermacentor-silvarum	Dermacentor-silvarum_XP-037554470.1	228	NA	NA	NA	Signal peptide	1	22	SP	NA
cluster_33	speciation	speciation	OG0007516	Yes	No	0.97195658891099	0.0187771774717899	Dermacentor-silvarum	Dermacentor-silvarum_XP-049513520.1	236	NA	K12489	Arf-GAP with coiled-coil, ANK repeat and PH domain-containing protein	Signal peptide	1	33	SP	NA
cluster_33	speciation	speciation	OG0007516	Yes	No	0.97195658891099	0.0187771774717899	Dermacentor-silvarum	Dermacentor-silvarum_XP-049513521.1	235	NA	K12489	Arf-GAP with coiled-coil, ANK repeat and PH domain-containing protein	Signal peptide	1	33	SP	NA
cluster_33	speciation	speciation	OG0007516	Yes	No	0.97195658891099	0.0187771774717899	Dermacentor-silvarum	Dermacentor-silvarum_XP-049513522.1	230	NA	K25841;K07900	aluminum-activated malate transporter family protein;Ras-related protein Rab-9B	Signal peptide	1	22	SP	NA
cluster_33	speciation	speciation	OG0007516	Yes	No	0.97195658891099	0.0187771774717899	Dermacentor-variabilis	Dermacentor-variabilis_GGQS01021297.1.p1	225	NA	K06826	nidogen (entactin)	Signal peptide	1	22	SP	NA
cluster_33	speciation	speciation	OG0007516	Yes	No	0.97195658891099	0.0187771774717899	Hyalomma-asiaticum	Hyalomma-asiaticum_KAH6921930.1	137	NA	K16774	IQ calmodulin-binding motif-containing protein 1	Signal peptide	1	24	SP	NA
cluster_33	speciation	speciation	OG0007516	Yes	No	0.97195658891099	0.0187771774717899	Hyalomma-asiaticum	Hyalomma-asiaticum_KAH6922835.1	224	NA	NA	NA	Signal peptide	1	21	SP	NA
cluster_33	speciation	speciation	OG0007516	Yes	No	0.97195658891099	0.0187771774717899	Rhipicephalus-microplus	Rhipicephalus-microplus_XP-037270999.1	222	NA	NA	NA	Signal peptide	1	22	SP	NA
cluster_33	speciation	speciation	OG0007516	Yes	No	0.97195658891099	0.0187771774717899	Rhipicephalus-sanguineus	Rhipicephalus-sanguineus_XP-037498549.2	152	NA	NA	NA	Signal peptide	1	22	SP	NA
cluster_33	speciation	speciation	OG0007516	Yes	No	0.97195658891099	0.0187771774717899	Rhipicephalus-sanguineus	Rhipicephalus-sanguineus_XP-037498550.1	223	NA	NA	NA	Signal peptide	1	22	SP	NA
cluster_40	speciation	speciation	OG0007774	Yes	No	1.82861681642183	0.0269441728371553	Dermacentor-andersoni	Dermacentor-andersoni_XP-050045894.2	430	NA	K22843	ETFB lysine methyltransferase [EC:2.1.1.-]	Signal peptide	1	16	SP	NA
cluster_40	speciation	speciation	OG0007774	Yes	No	1.82861681642183	0.0269441728371553	Dermacentor-andersoni	Dermacentor-andersoni_XP-050047524.1	424	NA	NA	NA	Signal peptide	1	17	SP	NA
cluster_40	speciation	speciation	OG0007774	Yes	No	1.82861681642183	0.0269441728371553	Dermacentor-silvarum	Dermacentor-silvarum_XP-037566285.1	428	NA	NA	NA	Signal peptide	1	19	SP	NA
cluster_40	speciation	speciation	OG0007774	Yes	No	1.82861681642183	0.0269441728371553	Dermacentor-silvarum	Dermacentor-silvarum_XP-049519788.1	438	NA	NA	NA	Signal peptide	1	17	SP	NA
cluster_40	speciation	speciation	OG0007774	Yes	No	1.82861681642183	0.0269441728371553	Dermacentor-silvarum	Dermacentor-silvarum_XP-049519791.1	417	NA	NA	NA	Signal peptide	1	17	SP	NA
cluster_40	speciation	speciation	OG0007774	Yes	No	1.82861681642183	0.0269441728371553	Dermacentor-silvarum	Dermacentor-silvarum_XP-049519792.1	411	NA	NA	NA	Signal peptide	1	17	SP	NA
cluster_40	speciation	speciation	OG0007774	Yes	No	1.82861681642183	0.0269441728371553	Dermacentor-silvarum	Dermacentor-silvarum_XP-049519793.1	389	NA	NA	NA	Signal peptide	1	17	SP	NA
cluster_40	speciation	speciation	OG0007774	Yes	No	1.82861681642183	0.0269441728371553	Dermacentor-silvarum	Dermacentor-silvarum_XP-049519795.1	362	NA	NA	NA	Signal peptide	1	17	SP	NA
cluster_40	speciation	speciation	OG0007774	Yes	No	1.82861681642183	0.0269441728371553	Ixodes-scapularis	Ixodes-scapularis_tr|A0A1S4KWQ8|A0A1S4KWQ8-IXOSC	177	NA	NA	NA	Signal peptide	1	26	SP	NA
cluster_40	speciation	speciation	OG0007774	Yes	No	1.82861681642183	0.0269441728371553	Rhipicephalus-microplus	Rhipicephalus-microplus_XP-037280140.1	435	NA	NA	NA	Signal peptide	1	17	SP	NA
cluster_40	speciation	speciation	OG0007774	Yes	No	1.82861681642183	0.0269441728371553	Rhipicephalus-microplus	Rhipicephalus-microplus_XP-037280150.1	409	NA	NA	NA	Signal peptide	1	17	SP	NA
cluster_40	speciation	speciation	OG0007774	Yes	No	1.82861681642183	0.0269441728371553	Rhipicephalus-microplus	Rhipicephalus-microplus_XP-037280156.1	408	NA	NA	NA	Signal peptide	1	17	SP	NA
cluster_40	speciation	speciation	OG0007774	Yes	No	1.82861681642183	0.0269441728371553	Rhipicephalus-microplus	Rhipicephalus-microplus_XP-037280160.1	384	NA	NA	NA	Signal peptide	1	17	SP	NA
cluster_40	speciation	speciation	OG0007774	Yes	No	1.82861681642183	0.0269441728371553	Rhipicephalus-microplus	Rhipicephalus-microplus_XP-037280165.1	344	NA	NA	NA	Signal peptide	1	17	SP	NA
cluster_40	speciation	speciation	OG0007774	Yes	No	1.82861681642183	0.0269441728371553	Rhipicephalus-microplus	Rhipicephalus-microplus_XP-037280173.1	422	NA	NA	NA	Signal peptide	1	17	SP	NA
cluster_40	speciation	speciation	OG0007774	Yes	No	1.82861681642183	0.0269441728371553	Rhipicephalus-sanguineus	Rhipicephalus-sanguineus_XP-049270642.1	433	NA	NA	NA	Signal peptide	1	17	SP	NA
cluster_40	speciation	speciation	OG0009965	Yes	No	2.07529929816772	0.0393234292187254	Amblyomma-americanum	Amblyomma-americanum_evm.model.contig-100929-1.2	156	NA	K23087;K23624;K23421;K23422;K03909	tissue factor pathway inhibitor 2;papilin;Kunitz-type protease inhibitor 2;Kunitz-type protease inhibitor 3;tissue factor pathway inhibitor	Signal peptide	1	21	SP	1
cluster_40	speciation	speciation	OG0009965	Yes	No	2.07529929816772	0.0393234292187254	Dermacentor-andersoni	Dermacentor-andersoni_XP-050046238.1	194	NA	K23087;K23421;K03909;K23621;K23620	tissue factor pathway inhibitor 2;Kunitz-type protease inhibitor 2;tissue factor pathway inhibitor;WAP, Kazal, immunoglobulin, Kunitz and NTR domain-containing protein;protein AMBP	Signal peptide	1	24	SP	NA
cluster_40	speciation	speciation	OG0009965	Yes	No	2.07529929816772	0.0393234292187254	Dermacentor-andersoni	Dermacentor-andersoni_XP-054918239.1	402	serine-type endopeptidase inhibitor activity	K23421;K08117;K23087;K23422;K23621	Kunitz-type protease inhibitor 2;amyloid-like protein 2;tissue factor pathway inhibitor 2;Kunitz-type protease inhibitor 3;WAP, Kazal, immunoglobulin, Kunitz and NTR domain-containing protein	Signal peptide	1	25	SP	NA
cluster_40	speciation	speciation	OG0009965	Yes	No	2.07529929816772	0.0393234292187254	Dermacentor-silvarum	Dermacentor-silvarum_XP-037582012.1	201	NA	K23087;K23421;K23621;K23620;K03909	tissue factor pathway inhibitor 2;Kunitz-type protease inhibitor 2;WAP, Kazal, immunoglobulin, Kunitz and NTR domain-containing protein;protein AMBP;tissue factor pathway inhibitor	Signal peptide	1	24	SP	NA
cluster_40	speciation	speciation	OG0009965	Yes	No	2.07529929816772	0.0393234292187254	Dermacentor-silvarum	Dermacentor-silvarum_XP-037582014.1	151	NA	K23087;K23422;K03909;K23421;K23621	tissue factor pathway inhibitor 2;Kunitz-type protease inhibitor 3;tissue factor pathway inhibitor;Kunitz-type protease inhibitor 2;WAP, Kazal, immunoglobulin, Kunitz and NTR domain-containing protein	Signal peptide	1	19	SP	NA
cluster_40	speciation	speciation	OG0009965	Yes	No	2.07529929816772	0.0393234292187254	Dermacentor-silvarum	Dermacentor-silvarum_XP-049511936.1	211	PLAC (protease and lacunin) domain	K23087;K23621;K23620;K23421;K03909	tissue factor pathway inhibitor 2;WAP, Kazal, immunoglobulin, Kunitz and NTR domain-containing protein;protein AMBP;Kunitz-type protease inhibitor 2;tissue factor pathway inhibitor	Signal peptide	1	21	SP	NA
cluster_40	speciation	speciation	OG0009965	Yes	No	2.07529929816772	0.0393234292187254	Dermacentor-silvarum	Dermacentor-silvarum_XP-049512092.1	150	NA	K23087;K03909;K23421;K23620;K23621	tissue factor pathway inhibitor 2;tissue factor pathway inhibitor;Kunitz-type protease inhibitor 2;protein AMBP;WAP, Kazal, immunoglobulin, Kunitz and NTR domain-containing protein	Signal peptide	1	24	SP	NA
cluster_40	speciation	speciation	OG0009965	Yes	No	2.07529929816772	0.0393234292187254	Rhipicephalus-microplus	Rhipicephalus-microplus_XP-037272520.1	157	PLAC (protease and lacunin) domain	K23422;K23621;K23087;K23421;K23624	Kunitz-type protease inhibitor 3;WAP, Kazal, immunoglobulin, Kunitz and NTR domain-containing protein;tissue factor pathway inhibitor 2;Kunitz-type protease inhibitor 2;papilin	Signal peptide	1	23	SP	NA
cluster_40	speciation	speciation	OG0009965	Yes	No	2.07529929816772	0.0393234292187254	Rhipicephalus-sanguineus	Rhipicephalus-sanguineus_XP-037525101.1	145	NA	K23087;K23421;K23621;K23422;K23620	tissue factor pathway inhibitor 2;Kunitz-type protease inhibitor 2;WAP, Kazal, immunoglobulin, Kunitz and NTR domain-containing protein;Kunitz-type protease inhibitor 3;protein AMBP	Signal peptide	1	18	SP	NA
cluster_40	speciation	speciation	OG0009965	Yes	No	2.07529929816772	0.0393234292187254	Rhipicephalus-sanguineus	Rhipicephalus-sanguineus_XP-037525110.1	191	NA	K23087;K23421;K23422;K23621;K23620	tissue factor pathway inhibitor 2;Kunitz-type protease inhibitor 2;Kunitz-type protease inhibitor 3;WAP, Kazal, immunoglobulin, Kunitz and NTR domain-containing protein;protein AMBP	Signal peptide	1	24	SP	NA
cluster_46	speciation	speciation	OG0000747	Yes	No	0.340964561024791	0.0170230206847723	Amblyomma-americanum	Amblyomma-americanum_evm.model.contig-160846-1.2	206	NA	NA	NA	Signal peptide	1	22	SP	1
cluster_46	speciation	speciation	OG0000747	Yes	No	0.340964561024791	0.0170230206847723	Amblyomma-americanum	Amblyomma-americanum_evm.model.contig-248966-1.1	216	NA	NA	NA	Signal peptide	1	19	SP	1
cluster_46	speciation	speciation	OG0000747	Yes	No	0.340964561024791	0.0170230206847723	Amblyomma-sculptum	Amblyomma-sculptum_GEEX01013646.1.p1	204	NA	NA	NA	Signal peptide	1	22	SP	NA
cluster_46	speciation	speciation	OG0000747	Yes	No	0.340964561024791	0.0170230206847723	Dermacentor-andersoni	Dermacentor-andersoni_XP-050037346.1	211	NA	NA	NA	Signal peptide	1	21	SP	NA
cluster_46	speciation	speciation	OG0000747	Yes	No	0.340964561024791	0.0170230206847723	Dermacentor-andersoni	Dermacentor-andersoni_XP-050037347.1	211	NA	NA	NA	Signal peptide	1	19	SP	NA
cluster_46	speciation	speciation	OG0000747	Yes	No	0.340964561024791	0.0170230206847723	Dermacentor-andersoni	Dermacentor-andersoni_XP-050037354.1	207	NA	NA	NA	Signal peptide	1	20	SP	NA
cluster_46	speciation	speciation	OG0000747	Yes	No	0.340964561024791	0.0170230206847723	Dermacentor-andersoni	Dermacentor-andersoni_XP-050037356.1	207	NA	NA	NA	Signal peptide	1	20	SP	NA
cluster_46	speciation	speciation	OG0000747	Yes	No	0.340964561024791	0.0170230206847723	Dermacentor-andersoni	Dermacentor-andersoni_XP-050037368.2	205	NA	NA	NA	Signal peptide	1	19	SP	NA
cluster_46	speciation	speciation	OG0000747	Yes	No	0.340964561024791	0.0170230206847723	Dermacentor-andersoni	Dermacentor-andersoni_XP-050037369.1	206	NA	NA	NA	Signal peptide	1	19	SP	NA
cluster_46	speciation	speciation	OG0000747	Yes	No	0.340964561024791	0.0170230206847723	Dermacentor-andersoni	Dermacentor-andersoni_XP-050037371.1	206	NA	NA	NA	Signal peptide	1	18	SP	NA
cluster_46	speciation	speciation	OG0000747	Yes	No	0.340964561024791	0.0170230206847723	Dermacentor-andersoni	Dermacentor-andersoni_XP-050037372.1	210	NA	NA	NA	Signal peptide	1	19	SP	NA
cluster_46	speciation	speciation	OG0000747	Yes	No	0.340964561024791	0.0170230206847723	Dermacentor-andersoni	Dermacentor-andersoni_XP-050037378.1	215	NA	NA	NA	Signal peptide	1	23	SP	NA
cluster_46	speciation	speciation	OG0000747	Yes	No	0.340964561024791	0.0170230206847723	Dermacentor-andersoni	Dermacentor-andersoni_XP-050038093.1	224	NA	NA	NA	Signal peptide	1	19	SP	NA
cluster_46	speciation	speciation	OG0000747	Yes	No	0.340964561024791	0.0170230206847723	Dermacentor-andersoni	Dermacentor-andersoni_XP-054928068.1	211	NA	NA	NA	Signal peptide	1	21	SP	NA
cluster_46	speciation	speciation	OG0000747	Yes	No	0.340964561024791	0.0170230206847723	Dermacentor-andersoni	Dermacentor-andersoni_XP-054928069.1	116	NA	NA	NA	Signal peptide	1	20	SP	NA
cluster_46	speciation	speciation	OG0000747	Yes	No	0.340964561024791	0.0170230206847723	Dermacentor-andersoni	Dermacentor-andersoni_XP-054928070.1	206	NA	NA	NA	Signal peptide	1	19	SP	NA
cluster_46	speciation	speciation	OG0000747	Yes	No	0.340964561024791	0.0170230206847723	Dermacentor-andersoni	Dermacentor-andersoni_XP-054928071.1	206	NA	NA	NA	Signal peptide	1	19	SP	NA
cluster_46	speciation	speciation	OG0000747	Yes	No	0.340964561024791	0.0170230206847723	Dermacentor-andersoni	Dermacentor-andersoni_XP-054928703.1	233	NA	K15060	5,5'-dehydrodivanillate O-demethylase oxygenase subunit [EC:1.14.13.-]	Signal peptide	1	20	SP	NA
cluster_46	speciation	speciation	OG0000747	Yes	No	0.340964561024791	0.0170230206847723	Dermacentor-silvarum	Dermacentor-silvarum_XP-037575901.1	226	NA	NA	NA	Signal peptide	1	34	SP	NA
cluster_46	speciation	speciation	OG0000747	Yes	No	0.340964561024791	0.0170230206847723	Dermacentor-silvarum	Dermacentor-silvarum_XP-037575913.1	206	NA	NA	NA	Signal peptide	1	19	SP	NA
cluster_46	speciation	speciation	OG0000747	Yes	No	0.340964561024791	0.0170230206847723	Dermacentor-silvarum	Dermacentor-silvarum_XP-037575928.1	207	NA	NA	NA	Signal peptide	1	20	SP	NA
cluster_46	speciation	speciation	OG0000747	Yes	No	0.340964561024791	0.0170230206847723	Dermacentor-silvarum	Dermacentor-silvarum_XP-037576723.2	223	NA	NA	NA	Signal peptide	1	25	SP	NA
cluster_46	speciation	speciation	OG0000747	Yes	No	0.340964561024791	0.0170230206847723	Dermacentor-silvarum	Dermacentor-silvarum_XP-037577195.1	207	NA	NA	NA	Signal peptide	1	19	SP	NA
cluster_46	speciation	speciation	OG0000747	Yes	No	0.340964561024791	0.0170230206847723	Dermacentor-silvarum	Dermacentor-silvarum_XP-037577197.1	206	NA	NA	NA	Signal peptide	1	19	SP	NA
cluster_46	speciation	speciation	OG0000747	Yes	No	0.340964561024791	0.0170230206847723	Dermacentor-silvarum	Dermacentor-silvarum_XP-037577200.2	242	NA	NA	NA	Signal peptide	1	23	SP	NA
cluster_46	speciation	speciation	OG0000747	Yes	No	0.340964561024791	0.0170230206847723	Dermacentor-silvarum	Dermacentor-silvarum_XP-037577201.1	205	NA	NA	NA	Signal peptide	1	18	SP	NA
cluster_46	speciation	speciation	OG0000747	Yes	No	0.340964561024791	0.0170230206847723	Dermacentor-silvarum	Dermacentor-silvarum_XP-049526758.1	207	NA	K24566	8,8a-deoxyoleandolide synthase 3	Signal peptide	1	19	SP	NA
cluster_46	speciation	speciation	OG0000747	Yes	No	0.340964561024791	0.0170230206847723	Dermacentor-silvarum	Dermacentor-silvarum_XP-049526769.1	224	NA	NA	NA	Signal peptide	1	20	SP	NA
cluster_46	speciation	speciation	OG0000747	Yes	No	0.340964561024791	0.0170230206847723	Dermacentor-silvarum	Dermacentor-silvarum_XP-049526772.1	213	NA	NA	NA	Signal peptide	1	19	SP	NA
cluster_46	speciation	speciation	OG0000747	Yes	No	0.340964561024791	0.0170230206847723	Dermacentor-silvarum	Dermacentor-silvarum_XP-049526775.1	211	NA	NA	NA	Signal peptide	1	19	SP	NA
cluster_46	speciation	speciation	OG0000747	Yes	No	0.340964561024791	0.0170230206847723	Dermacentor-silvarum	Dermacentor-silvarum_XP-049526776.1	212	NA	NA	NA	Signal peptide	1	25	SP	NA
cluster_46	speciation	speciation	OG0000747	Yes	No	0.340964561024791	0.0170230206847723	Hyalomma-asiaticum	Hyalomma-asiaticum_KAH6919795.1	155	NA	NA	NA	Signal peptide	1	19	SP	NA
cluster_46	speciation	speciation	OG0000747	Yes	No	0.340964561024791	0.0170230206847723	Hyalomma-asiaticum	Hyalomma-asiaticum_KAH6927117.1	272	NA	NA	NA	Signal peptide	1	16	SP	NA
cluster_46	speciation	speciation	OG0000747	Yes	No	0.340964561024791	0.0170230206847723	Hyalomma-asiaticum	Hyalomma-asiaticum_KAH6927119.1	211	NA	NA	NA	Signal peptide	1	21	SP	NA
cluster_46	speciation	speciation	OG0000747	Yes	No	0.340964561024791	0.0170230206847723	Hyalomma-asiaticum	Hyalomma-asiaticum_KAH6927122.1	234	NA	NA	NA	Signal peptide	1	19	SP	NA
cluster_46	speciation	speciation	OG0000747	Yes	No	0.340964561024791	0.0170230206847723	Hyalomma-asiaticum	Hyalomma-asiaticum_KAH6927125.1	206	NA	NA	NA	Signal peptide	1	18	SP	NA
cluster_46	speciation	speciation	OG0000747	Yes	No	0.340964561024791	0.0170230206847723	Hyalomma-asiaticum	Hyalomma-asiaticum_KAH6927126.1	206	NA	NA	NA	Signal peptide	1	19	SP	NA
cluster_46	speciation	speciation	OG0000747	Yes	No	0.340964561024791	0.0170230206847723	Hyalomma-asiaticum	Hyalomma-asiaticum_KAH6927127.1	245	NA	NA	NA	Signal peptide	1	15	SP	NA
cluster_46	speciation	speciation	OG0000747	Yes	No	0.340964561024791	0.0170230206847723	Hyalomma-asiaticum	Hyalomma-asiaticum_KAH6927128.1	210	NA	NA	NA	Signal peptide	1	19	SP	NA
cluster_46	speciation	speciation	OG0000747	Yes	No	0.340964561024791	0.0170230206847723	Rhipicephalus-microplus	Rhipicephalus-microplus_XP-037274801.1	207	NA	NA	NA	Signal peptide	1	20	SP	NA
cluster_46	speciation	speciation	OG0000747	Yes	No	0.340964561024791	0.0170230206847723	Rhipicephalus-microplus	Rhipicephalus-microplus_XP-037274802.1	104	NA	NA	NA	Signal peptide	1	20	SP	NA
cluster_46	speciation	speciation	OG0000747	Yes	No	0.340964561024791	0.0170230206847723	Rhipicephalus-microplus	Rhipicephalus-microplus_XP-037274803.1	220	NA	NA	NA	Signal peptide	1	18	SP	NA
cluster_46	speciation	speciation	OG0000747	Yes	No	0.340964561024791	0.0170230206847723	Rhipicephalus-microplus	Rhipicephalus-microplus_XP-037274804.1	211	NA	NA	NA	Signal peptide	1	19	SP	NA
cluster_46	speciation	speciation	OG0000747	Yes	No	0.340964561024791	0.0170230206847723	Rhipicephalus-microplus	Rhipicephalus-microplus_XP-037274805.1	206	NA	NA	NA	Signal peptide	1	18	SP	NA
cluster_46	speciation	speciation	OG0000747	Yes	No	0.340964561024791	0.0170230206847723	Rhipicephalus-microplus	Rhipicephalus-microplus_XP-037275389.1	209	NA	NA	NA	Signal peptide	1	21	SP	NA
cluster_46	speciation	speciation	OG0000747	Yes	No	0.340964561024791	0.0170230206847723	Rhipicephalus-microplus	Rhipicephalus-microplus_XP-037275390.1	205	NA	NA	NA	Signal peptide	1	19	SP	NA
cluster_46	speciation	speciation	OG0000747	Yes	No	0.340964561024791	0.0170230206847723	Rhipicephalus-microplus	Rhipicephalus-microplus_XP-037289145.1	184	NA	K17464	D-glucosaminate PTS system EIIA component [EC:2.7.1.203]	Signal peptide	1	20	SP	NA
cluster_46	speciation	speciation	OG0000747	Yes	No	0.340964561024791	0.0170230206847723	Rhipicephalus-sanguineus	Rhipicephalus-sanguineus_XP-037499212.1	209	NA	NA	NA	Signal peptide	1	21	SP	NA
cluster_46	speciation	speciation	OG0000747	Yes	No	0.340964561024791	0.0170230206847723	Rhipicephalus-sanguineus	Rhipicephalus-sanguineus_XP-037499220.1	206	NA	NA	NA	Signal peptide	1	19	SP	NA
cluster_46	speciation	speciation	OG0000747	Yes	No	0.340964561024791	0.0170230206847723	Rhipicephalus-sanguineus	Rhipicephalus-sanguineus_XP-037499440.1	208	NA	NA	NA	Signal peptide	1	20	SP	NA
cluster_46	speciation	speciation	OG0000747	Yes	No	0.340964561024791	0.0170230206847723	Rhipicephalus-sanguineus	Rhipicephalus-sanguineus_XP-037499761.1	213	NA	NA	NA	Signal peptide	1	19	SP	NA
cluster_46	speciation	speciation	OG0000747	Yes	No	0.340964561024791	0.0170230206847723	Rhipicephalus-sanguineus	Rhipicephalus-sanguineus_XP-037499765.1	211	NA	NA	NA	Signal peptide	1	24	SP	NA
cluster_46	speciation	speciation	OG0000747	Yes	No	0.340964561024791	0.0170230206847723	Rhipicephalus-sanguineus	Rhipicephalus-sanguineus_XP-037499863.1	206	NA	NA	NA	Signal peptide	1	19	SP	NA
cluster_46	speciation	speciation	OG0000747	Yes	No	0.340964561024791	0.0170230206847723	Rhipicephalus-sanguineus	Rhipicephalus-sanguineus_XP-037499879.1	222	NA	NA	NA	Signal peptide	1	19	SP	NA
cluster_46	speciation	speciation	OG0000747	Yes	No	0.340964561024791	0.0170230206847723	Rhipicephalus-sanguineus	Rhipicephalus-sanguineus_XP-037499951.1	216	NA	NA	NA	Signal peptide	1	19	SP	NA
cluster_46	speciation	speciation	OG0000747	Yes	No	0.340964561024791	0.0170230206847723	Rhipicephalus-sanguineus	Rhipicephalus-sanguineus_XP-037499999.1	221	NA	K01761;K26365	methionine-gamma-lyase [EC:4.4.1.11];canavanine-gamma-lyase [EC:4.4.1.43]	Signal peptide	1	17	SP	NA
cluster_46	speciation	speciation	OG0000747	Yes	No	0.340964561024791	0.0170230206847723	Rhipicephalus-sanguineus	Rhipicephalus-sanguineus_XP-037501682.1	205	NA	NA	NA	Signal peptide	1	18	SP	NA
cluster_46	speciation	speciation	OG0000747	Yes	No	0.340964561024791	0.0170230206847723	Rhipicephalus-sanguineus	Rhipicephalus-sanguineus_XP-037501724.1	206	NA	NA	NA	Signal peptide	1	19	SP	NA
cluster_46	speciation	speciation	OG0000747	Yes	No	0.340964561024791	0.0170230206847723	Rhipicephalus-sanguineus	Rhipicephalus-sanguineus_XP-037501737.1	209	NA	NA	NA	Signal peptide	1	21	SP	NA
cluster_46	speciation	speciation	OG0000747	Yes	No	0.340964561024791	0.0170230206847723	Rhipicephalus-sanguineus	Rhipicephalus-sanguineus_XP-049276260.1	206	NA	NA	NA	Signal peptide	1	18	SP	NA
cluster_46	speciation	speciation	OG0001970	Yes	No	0.640307566486729	0.0123768263885747	Amblyomma-americanum	Amblyomma-americanum_evm.model.contig-97851-1.2	158	NA	K17310;K07362;K16303	serum amyloid A protein;linker for activation of T cells family member 1;p-cumate 2,3-dioxygenase subunit beta [EC:1.14.12.25]	Signal peptide	1	23	SP	1
cluster_46	speciation	speciation	OG0001970	Yes	No	0.640307566486729	0.0123768263885747	Amblyomma-sculptum	Amblyomma-sculptum_GEEX01007986.1.p1	158	NA	K17310;K07362	serum amyloid A protein;linker for activation of T cells family member 1	Signal peptide	1	27	SP	NA
cluster_46	speciation	speciation	OG0001970	Yes	No	0.640307566486729	0.0123768263885747	Dermacentor-andersoni	Dermacentor-andersoni_XP-050022801.1	150	Serum amyloid A protein	K17310;K24286	serum amyloid A protein;proteoglycan 4	Signal peptide	1	22	SP	NA
cluster_46	speciation	speciation	OG0001970	Yes	No	0.640307566486729	0.0123768263885747	Dermacentor-andersoni	Dermacentor-andersoni_XP-050039906.1	160	Serum amyloid A protein	K17310;K15171;K04365	serum amyloid A protein;transcription elongation factor SPT4;B-Raf proto-oncogene serine/threonine-protein kinase [EC:2.7.11.1]	Signal peptide	1	21	SP	NA
cluster_46	speciation	speciation	OG0001970	Yes	No	0.640307566486729	0.0123768263885747	Dermacentor-silvarum	Dermacentor-silvarum_XP-037560325.1	151	NA	K17310;K24286	serum amyloid A protein;proteoglycan 4	Signal peptide	1	22	SP	NA
cluster_46	speciation	speciation	OG0001970	Yes	No	0.640307566486729	0.0123768263885747	Dermacentor-silvarum	Dermacentor-silvarum_XP-037567730.1	160	Serum amyloid A protein	K17310;K15171;K04365	serum amyloid A protein;transcription elongation factor SPT4;B-Raf proto-oncogene serine/threonine-protein kinase [EC:2.7.11.1]	Signal peptide	1	21	SP	NA
cluster_46	speciation	speciation	OG0001970	Yes	No	0.640307566486729	0.0123768263885747	Dermanyssus-gallinae	Dermanyssus-gallinae_GIFZ01009498.1.p1	444	Serum amyloid A protein	K17310	serum amyloid A protein	Signal peptide	1	21	SP	NA
cluster_46	speciation	speciation	OG0001970	Yes	No	0.640307566486729	0.0123768263885747	Dinothrombium-tinctorium	Dinothrombium-tinctorium_tr|A0A443QXN7|A0A443QXN7-9ACAR	174	Serum amyloid A protein	K17310	serum amyloid A protein	Signal peptide	1	24	SP	NA
cluster_46	speciation	speciation	OG0001970	Yes	No	0.640307566486729	0.0123768263885747	Galendromus-occidentalis	Galendromus-occidentalis_XP-018496565.1	391	Serum amyloid A protein	NA	NA	Signal peptide	1	18	SP	NA
cluster_46	speciation	speciation	OG0001970	Yes	No	0.640307566486729	0.0123768263885747	Haemaphysalis-longicornis	Haemaphysalis-longicornis_KAH9363918.1	150	Serum amyloid A protein	K17310;K24260	serum amyloid A protein;WD repeat-containing protein 11	Signal peptide	1	21	SP	NA
cluster_46	speciation	speciation	OG0001970	Yes	No	0.640307566486729	0.0123768263885747	Haemaphysalis-longicornis	Haemaphysalis-longicornis_KAH9373783.1	173	Serum amyloid A protein	K17310;K04365	serum amyloid A protein;B-Raf proto-oncogene serine/threonine-protein kinase [EC:2.7.11.1]	Signal peptide	1	21	SP	NA
cluster_46	speciation	speciation	OG0001970	Yes	No	0.640307566486729	0.0123768263885747	Hyalomma-asiaticum	Hyalomma-asiaticum_KAH6935420.1	160	Serum amyloid A protein	K17310;K15171;K04365	serum amyloid A protein;transcription elongation factor SPT4;B-Raf proto-oncogene serine/threonine-protein kinase [EC:2.7.11.1]	Signal peptide	1	21	SP	NA
cluster_46	speciation	speciation	OG0001970	Yes	No	0.640307566486729	0.0123768263885747	Ixodes-persulcatus	Ixodes-persulcatus_KAG0424607.1	153	Serum amyloid A protein	K17310;K15171	serum amyloid A protein;transcription elongation factor SPT4	Signal peptide	1	21	SP	NA
cluster_46	speciation	speciation	OG0001970	Yes	No	0.640307566486729	0.0123768263885747	Ixodes-scapularis	Ixodes-scapularis_tr|B7P5F3|B7P5F3-IXOSC	155	Serum amyloid A protein	K17310;K02768	serum amyloid A protein;fructose PTS system EIIA component [EC:2.7.1.202]	Signal peptide	1	21	SP	NA
cluster_46	speciation	speciation	OG0001970	Yes	No	0.640307566486729	0.0123768263885747	Ixodes-scapularis	Ixodes-scapularis_tr|B7QNJ4|B7QNJ4-IXOSC	153	Serum amyloid A protein	K17310	serum amyloid A protein	Signal peptide	1	21	SP	NA
cluster_46	speciation	speciation	OG0001970	Yes	No	0.640307566486729	0.0123768263885747	Limulus-polyphemus	Limulus-polyphemus_XP-013783005.1	156	Serum amyloid A protein	K17310	serum amyloid A protein	Signal peptide	1	27	SP	NA
cluster_46	speciation	speciation	OG0001970	Yes	No	0.640307566486729	0.0123768263885747	Limulus-polyphemus	Limulus-polyphemus_XP-013783006.1	156	Serum amyloid A protein	K17310	serum amyloid A protein	Signal peptide	1	27	SP	NA
cluster_46	speciation	speciation	OG0001970	Yes	No	0.640307566486729	0.0123768263885747	Limulus-polyphemus	Limulus-polyphemus_XP-022251061.1	156	Serum amyloid A protein	K17310	serum amyloid A protein	Signal peptide	1	27	SP	NA
cluster_46	speciation	speciation	OG0001970	Yes	No	0.640307566486729	0.0123768263885747	Ornithodoros-erraticus	Ornithodoros-erraticus_GIXX02017600.1.p1	139	Serum amyloid A protein	K17310	serum amyloid A protein	Signal peptide	1	20	SP	NA
cluster_46	speciation	speciation	OG0001970	Yes	No	0.640307566486729	0.0123768263885747	Ornithodoros-turicata	Ornithodoros-turicata_GDIC01020953.1.p1	148	NA	K17310;K07723;K24838	serum amyloid A protein;CopG family transcriptional regulator / antitoxin EndoAI;IQ and ubiquitin-like domain-containing protein	Signal peptide	1	20	SP	NA
cluster_46	speciation	speciation	OG0001970	Yes	No	0.640307566486729	0.0123768263885747	Ornithodoros-turicata	Ornithodoros-turicata_GDIC01035912.1.p1	141	NA	K17310;K13515	serum amyloid A protein;lysophospholipid acyltransferase 5 [EC:2.3.1.23 2.3.1.-]	Signal peptide	1	26	SP	NA
cluster_46	speciation	speciation	OG0001970	Yes	No	0.640307566486729	0.0123768263885747	Rhipicephalus-microplus	Rhipicephalus-microplus_XP-037276341.1	159	Serum amyloid A protein	K17310	serum amyloid A protein	Signal peptide	1	21	SP	NA
cluster_46	speciation	speciation	OG0001970	Yes	No	0.640307566486729	0.0123768263885747	Rhipicephalus-microplus	Rhipicephalus-microplus_XP-037279077.1	153	Serum amyloid A protein	K17310;K15171	serum amyloid A protein;transcription elongation factor SPT4	Signal peptide	1	20	SP	NA
cluster_46	speciation	speciation	OG0001970	Yes	No	0.640307566486729	0.0123768263885747	Rhipicephalus-microplus	Rhipicephalus-microplus_XP-037280151.1	144	Serum amyloid A protein	K17310	serum amyloid A protein	Signal peptide	1	18	SP	NA
cluster_46	speciation	speciation	OG0001970	Yes	No	0.640307566486729	0.0123768263885747	Rhipicephalus-microplus	Rhipicephalus-microplus_XP-037286842.1	146	Serum amyloid A protein	K17310;K24286	serum amyloid A protein;proteoglycan 4	Signal peptide	1	19	SP	NA
cluster_46	speciation	speciation	OG0001970	Yes	No	0.640307566486729	0.0123768263885747	Rhipicephalus-sanguineus	Rhipicephalus-sanguineus_XP-037503444.1	160	Serum amyloid A protein	K17310;K15171;K04365	serum amyloid A protein;transcription elongation factor SPT4;B-Raf proto-oncogene serine/threonine-protein kinase [EC:2.7.11.1]	Signal peptide	1	21	SP	NA
cluster_46	speciation	speciation	OG0001970	Yes	No	0.640307566486729	0.0123768263885747	Rhipicephalus-sanguineus	Rhipicephalus-sanguineus_XP-037515814.1	149	NA	K17310;K24286;K21100	serum amyloid A protein;proteoglycan 4;beta-defensin 4	Signal peptide	1	20	SP	NA
cluster_46	speciation	speciation	OG0001970	Yes	No	0.640307566486729	0.0123768263885747	Rhipicephalus-sanguineus	Rhipicephalus-sanguineus_XP-037519201.1	159	NA	K17310	serum amyloid A protein	Signal peptide	1	20	SP	NA
cluster_46	speciation	speciation	OG0001970	Yes	No	0.640307566486729	0.0123768263885747	Ricinoides-atewa	Ricinoides-atewa_comp81442-c0-seq1.p1	187	Serum amyloid A protein	K17310	serum amyloid A protein	Signal peptide	1	20	SP	NA
cluster_46	speciation	speciation	OG0001970	Yes	No	0.640307566486729	0.0123768263885747	Siro-boyerae	Siro-boyerae_comp26174-c0-seq1.p1	123	acute-phase response	K17310	serum amyloid A protein	Signal peptide	1	18	SP	NA
cluster_46	speciation	speciation	OG0001970	Yes	No	0.640307566486729	0.0123768263885747	Tetranychus-urticae	Tetranychus-urticae_tr|T1KHI0|T1KHI0-TETUR	170	Serum amyloid A protein	K17310	serum amyloid A protein	Signal peptide	1	21	SP	NA
cluster_46	speciation	speciation	OG0001970	Yes	No	0.640307566486729	0.0123768263885747	Tropilaelaps-mercedesae	Tropilaelaps-mercedesae_tr|A0A1V9XT26|A0A1V9XT26-9ACAR	348	Serum amyloid A protein	K17310	serum amyloid A protein	Signal peptide	1	21	SP	NA
cluster_46	speciation	speciation	OG0001970	Yes	No	0.640307566486729	0.0123768263885747	Varroa-destructor	Varroa-destructor_tr|A0A7M7KVC6|A0A7M7KVC6-VARDE	415	Serum amyloid A protein	K17310	serum amyloid A protein	Signal peptide	1	17	SP	NA
cluster_46	speciation	speciation	OG0001970	Yes	No	0.640307566486729	0.0123768263885747	Varroa-jacobsoni	Varroa-jacobsoni_XP-022694275.1	415	Serum amyloid A protein	K17310	serum amyloid A protein	Signal peptide	1	17	SP	NA
cluster_46	speciation	speciation	OG0001970	Yes	No	0.640307566486729	0.0123768263885747	Varroa-jacobsoni	Varroa-jacobsoni_XP-022694277.1	358	Serum amyloid A protein	K17310	serum amyloid A protein	Signal peptide	1	17	SP	NA
cluster_46	speciation	speciation	OG0008849	Yes	No	2.20620675241667	0.0232647187691549	Amblyomma-sculptum	Amblyomma-sculptum_GEEX01003774.1.p1	231	NA	NA	NA	Signal peptide	1	23	SP	NA
cluster_46	speciation	speciation	OG0008849	Yes	No	2.20620675241667	0.0232647187691549	Dermacentor-andersoni	Dermacentor-andersoni_XP-050046326.1	249	NA	NA	NA	Signal peptide	1	19	SP	NA
cluster_46	speciation	speciation	OG0008849	Yes	No	2.20620675241667	0.0232647187691549	Dermacentor-andersoni	Dermacentor-andersoni_XP-050049424.1	236	NA	NA	NA	Signal peptide	1	22	SP	NA
cluster_46	speciation	speciation	OG0008849	Yes	No	2.20620675241667	0.0232647187691549	Dermacentor-silvarum	Dermacentor-silvarum_XP-037580888.1	250	NA	NA	NA	Signal peptide	1	19	SP	NA
cluster_46	speciation	speciation	OG0008849	Yes	No	2.20620675241667	0.0232647187691549	Dermacentor-silvarum	Dermacentor-silvarum_XP-037580889.1	237	NA	NA	NA	Signal peptide	1	22	SP	NA
cluster_46	speciation	speciation	OG0008849	Yes	No	2.20620675241667	0.0232647187691549	Hyalomma-asiaticum	Hyalomma-asiaticum_KAH6923944.1	234	NA	NA	NA	Signal peptide	1	22	SP	NA
cluster_46	speciation	speciation	OG0008849	Yes	No	2.20620675241667	0.0232647187691549	Rhipicephalus-microplus	Rhipicephalus-microplus_XP-037272509.1	241	NA	NA	NA	Signal peptide	1	19	SP	NA
cluster_46	speciation	speciation	OG0008849	Yes	No	2.20620675241667	0.0232647187691549	Rhipicephalus-microplus	Rhipicephalus-microplus_XP-037273744.1	235	NA	NA	NA	Signal peptide	1	20	SP	NA
cluster_46	speciation	speciation	OG0008849	Yes	No	2.20620675241667	0.0232647187691549	Rhipicephalus-sanguineus	Rhipicephalus-sanguineus_XP-037525067.1	237	NA	NA	NA	Signal peptide	1	20	SP	NA
cluster_46	speciation	speciation	OG0009905	Yes	No	2.47838426858668	0.0136999801073751	Amblyomma-americanum	Amblyomma-americanum_evm.model.contig-11987-1.3	563	NA	K10876	RAD54-like protein 2 [EC:5.6.2.-]	Signal peptide	1	15	SP	1
cluster_46	speciation	speciation	OG0009905	Yes	No	2.47838426858668	0.0136999801073751	Dermacentor-andersoni	Dermacentor-andersoni_XP-050027524.2	563	NA	K10876	RAD54-like protein 2 [EC:5.6.2.-]	Signal peptide	1	15	SP	NA
cluster_46	speciation	speciation	OG0009905	Yes	No	2.47838426858668	0.0136999801073751	Dermacentor-andersoni	Dermacentor-andersoni_XP-050027531.1	307	NA	K24286;K12797;K25373;K10661;K04573	proteoglycan 4;caspase recruitment domain-containing protein 6;acrosomal protein SP-10;E3 ubiquitin-protein ligase MARCH6 [EC:2.3.2.27];neurofilament medium polypeptide (neurofilament 3)	Signal peptide	1	18	SP	NA
cluster_46	speciation	speciation	OG0009905	Yes	No	2.47838426858668	0.0136999801073751	Dermacentor-silvarum	Dermacentor-silvarum_XP-049528331.1	431	NA	K24286;K12070;K25373;K04573;K04462	proteoglycan 4;conjugal transfer pilus assembly protein TraI;acrosomal protein SP-10;neurofilament medium polypeptide (neurofilament 3);[histone H3]-lysine9 N-methyltransferase (ecotropic virus integration site 1 protein) [EC:2.1.1.367]	Signal peptide	1	18	SP	NA
cluster_46	speciation	speciation	OG0009905	Yes	No	2.47838426858668	0.0136999801073751	Dermacentor-variabilis	Dermacentor-variabilis_GGQS01021225.1.p1	290	NA	K04573;K24286;K12561;K12797;K25373	neurofilament medium polypeptide (neurofilament 3);proteoglycan 4;myristoylated alanine-rich C-kinase substrate;caspase recruitment domain-containing protein 6;acrosomal protein SP-10	Signal peptide	1	21	SP	NA
cluster_46	speciation	speciation	OG0009905	Yes	No	2.47838426858668	0.0136999801073751	Rhipicephalus-microplus	Rhipicephalus-microplus_XP-037281336.1	294	NA	K24286;K20470;K22188;K25373;K22765	proteoglycan 4;trehalose monomycolate/heme transporter;chloride channel CLIC-like protein 1;acrosomal protein SP-10;transmembrane protein 237	Signal peptide	1	18	SP	NA
cluster_46	speciation	speciation	OG0009905	Yes	No	2.47838426858668	0.0136999801073751	Rhipicephalus-sanguineus	Rhipicephalus-sanguineus_XP-037519337.1	315	NA	K24286;K04573;K22188;K22765;K20470	proteoglycan 4;neurofilament medium polypeptide (neurofilament 3);chloride channel CLIC-like protein 1;transmembrane protein 237;trehalose monomycolate/heme transporter	Signal peptide	1	18	SP	NA
cluster_46	speciation	speciation	OG0009905	Yes	No	2.47838426858668	0.0136999801073751	Rhipicephalus-sanguineus	Rhipicephalus-sanguineus_XP-037519339.2	492	NA	NA	NA	Signal peptide	1	15	SP	NA
cluster_46	speciation	speciation	OG0009626	Yes & Top 5% Coef.	No	5.66383535937533	0.00196192802589075	Amblyomma-sculptum	Amblyomma-sculptum_GEEX01002356.1.p1	558	NA	K06260;K20412;K13908;K06261;K17298	platelet glycoprotein V;peptidase inhibitor 16;mucin-5;platelet glycoprotein Ib alpha chain;mucin-13	Signal peptide	1	15	SP	NA
cluster_46	speciation	speciation	OG0009626	Yes & Top 5% Coef.	No	5.66383535937533	0.00196192802589075	Dermacentor-andersoni	Dermacentor-andersoni_XP-050051853.1	566	NA	K06261;K20914;K15162;K10955;K16720	platelet glycoprotein Ib alpha chain;gamma-interferon-inducible protein 16;mediator of RNA polymerase II transcription subunit 12;mucin-2;reduction in cnn dots 2	Signal peptide	1	15	SP	NA
cluster_46	speciation	speciation	OG0009626	Yes & Top 5% Coef.	No	5.66383535937533	0.00196192802589075	Hyalomma-asiaticum	Hyalomma-asiaticum_KAH6944281.1	523	NA	K06261;K15162;K11276;K03036;K06824	platelet glycoprotein Ib alpha chain;mediator of RNA polymerase II transcription subunit 12;nucleophosmin 1;26S proteasome regulatory subunit N6;nephronectin	Signal peptide	1	15	SP	NA
cluster_46	speciation	speciation	OG0009626	Yes & Top 5% Coef.	No	5.66383535937533	0.00196192802589075	Ixodes-ricinus	Ixodes-ricinus_GIDG01035151.1.p1	431	NA	NA	NA	Signal peptide	1	23	SP	NA
cluster_46	speciation	speciation	OG0009626	Yes & Top 5% Coef.	No	5.66383535937533	0.00196192802589075	Ixodes-ricinus	Ixodes-ricinus_GIDG01035152.1.p1	344	NA	K23929;K02199;K15162	EF-hand domain-containing family member B;cytochrome c biogenesis protein CcmG, thiol:disulfide interchange protein DsbE;mediator of RNA polymerase II transcription subunit 12	Signal peptide	1	23	SP	NA
cluster_46	speciation	speciation	OG0009626	Yes & Top 5% Coef.	No	5.66383535937533	0.00196192802589075	Rhipicephalus-microplus	Rhipicephalus-microplus_XP-037269444.1	608	NA	K25102;K24400;K22019;K25558;K18040	tRNA selenocysteine 1-associated protein 1;matrix remodeling-associated protein 5;mucin-15;HERV-H LTR-associating protein 1;tyrosine-protein phosphatase non-receptor type 23 [EC:3.1.3.48]	Signal peptide	1	15	SP	NA
cluster_46	speciation	speciation	OG0009626	Yes & Top 5% Coef.	No	5.66383535937533	0.00196192802589075	Rhipicephalus-sanguineus	Rhipicephalus-sanguineus_XP-037518109.1	574	NA	K06261;K06501;K22019;K06260;K10955	platelet glycoprotein Ib alpha chain;CD68 antigen;mucin-15;platelet glycoprotein V;mucin-2	Signal peptide	1	15	SP	NA
